PartyId,CollisionId,PartyNumber,PartyType,IsAtFault,IsOnDutyEmergencyVehicle,IsHitAndRun,AirbagCode,AirbagDescription,SafetyEquipmentCode,SafetyEquipmentDescription,Special Information,Other Associate Factor,Inattention,DirectionOfTravel,StreetOrHighwayName,SpeedLimit,MovementPrecCollCode,MovementPrecCollDescription,SobrietyDrugPhysicalCode1,SobrietyDrugPhysicalDescription1,SobrietyDrugPhysicalCode2,SobrietyDrugPhysicalDescription2,GenderCode,GenderDescription,StatedAge,DriverLicenseClass,DriverLicenseStateCode,RaceCode,RaceDesc,Vehicle1TypeId, Vehicle1TypeDesc, Vehicle1Year,Vehicle1Make,Vehicle1Model,Vehicle1Color,V1IsVehicleTowed,Vehicle2TypeId, Vehicle2TypeDesc, Vehicle2Year,Vehicle2Make,Vehicle2Model,Vehicle2Color,V2IsVehicleTowed,Lane,ThruLanes,TotalLanes,IsDREConducted
1775873,940917,2,Driver,,False,False,M,AIR BAG NOT DEPLOYED,G,OCCUPANT LAP SHOULDER HARNESS USED,CELL PHONE NOT IN USE,NONE APPARENT,,N,US-101,65.0,B,PROCEEDING STRAIGHT,A,HAD NOT BEEN DRINKING,,,M,MALE,64.0,C,CA,W,WHITE,22.0,PickupsAndPanels,1967.0,CHEV,Pickup,BLU,,,,,,,,,,,,
1775872,940917,1,Driver,True,False,False,M,AIR BAG NOT DEPLOYED,G,OCCUPANT LAP SHOULDER HARNESS USED,CELL PHONE NOT IN USE,NONE APPARENT,,N,US-101,65.0,B,PROCEEDING STRAIGHT,A,HAD NOT BEEN DRINKING,,,M,MALE,62.0,C,CA,B,BLACK,1.0,PassengerCarStationWagonJeep,2002.0,STRN,L100,WHI,,,,,,,,,,,,
1775854,940907,2,Driver,,False,False,M,AIR BAG NOT DEPLOYED,G,OCCUPANT LAP SHOULDER HARNESS USED,CELL PHONE NOT IN USE,NONE APPARENT,,S,US-101,65.0,H,SLOWING/STOPPING,A,HAD NOT BEEN DRINKING,,,F,FEMALE,35.0,C,CA,H,HISPANIC,7.0,SportUtilityVehicle,2013.0,HOND,CRV,GRY,,,,,,,,,,,,
1775853,940907,1,Driver,True,False,True,B,UNKNOWN,B,OCCUPANT UNKNOWN,CELL PHONE NOT IN USE,NONE APPARENT,,S,US-101,65.0,I,PASSING OTHER VEHICLE,G,IMPAIRMENT_NOT_KNOWN,,,,,,,,,,99.0,OtherUnknownHitAndRunDriver,,UNKNOWN,,,,,,,,,,,,,,
1775840,940899,2,Driver,,False,False,M,AIR BAG NOT DEPLOYED,G,OCCUPANT LAP SHOULDER HARNESS USED,CELL PHONE NOT IN USE,STOP & GO TRAFFIC,,S,I-880,65.0,B,PROCEEDING STRAIGHT,A,HAD NOT BEEN DRINKING,,,M,MALE,46.0,C,CA,W,WHITE,22.0,PickupsAndPanels,2007.0,TOYOTA,Tacoma,SIL,,,,,,,,,,,,
1775839,940899,1,Driver,True,False,False,L,AIR BAG DEPLOYED,G,OCCUPANT LAP SHOULDER HARNESS USED,CELL PHONE NOT IN USE,STOP & GO TRAFFIC,,S,I-880,65.0,J,CHANGING LANES,A,HAD NOT BEEN DRINKING,,,M,MALE,20.0,C,CA,A,ASIAN,7.0,SportUtilityVehicle,1998.0,TOYOTA,4RUNNER,SIL,,,,,,,,,,,,
1775836,940897,2,Driver,,False,False,M,AIR BAG NOT DEPLOYED,G,OCCUPANT LAP SHOULDER HARNESS USED,CELL PHONE NOT IN USE,NONE APPARENT,,S,SR-87 S/B FROM JULIAN STREET,65.0,A,STOPPED,A,HAD NOT BEEN DRINKING,,,F,FEMALE,31.0,C,CA,W,WHITE,1.0,PassengerCarStationWagonJeep,2016.0,FORD,Fusion,BLK,,,,,,,,,,,,
1775835,940897,1,Driver,True,False,True,B,UNKNOWN,B,OCCUPANT UNKNOWN,CELL PHONE NOT IN USE,NONE APPARENT,,S,SR-87 S/B FROM JULIAN STREET,65.0,B,PROCEEDING STRAIGHT,G,IMPAIRMENT_NOT_KNOWN,,,,,,,,,,99.0,OtherUnknownHitAndRunDriver,,,,,,,,,,,,,,,,
1775821,940890,2,Driver,,False,False,M,AIR BAG NOT DEPLOYED,G,OCCUPANT LAP SHOULDER HARNESS USED,CELL PHONE NOT IN USE,STOP & GO TRAFFIC,,S,I-880,65.0,A,STOPPED,A,HAD NOT BEEN DRINKING,,,M,MALE,27.0,C,CA,A,ASIAN,1.0,PassengerCarStationWagonJeep,2018.0,SUBARU,WRX,WHI,,,,,,,,,,,,
1775820,940890,1,Driver,True,False,False,M,AIR BAG NOT DEPLOYED,G,OCCUPANT LAP SHOULDER HARNESS USED,CELL PHONE NOT IN USE,STOP & GO TRAFFIC,,S,I-880,65.0,B,PROCEEDING STRAIGHT,A,HAD NOT BEEN DRINKING,,,M,MALE,67.0,C,CA,B,BLACK,7.0,SportUtilityVehicle,2006.0,TOYOTA,Highlander,WHI,,,,,,,,,,,,
1775795,940880,1,Driver,True,False,False,M,AIR BAG NOT DEPLOYED,G,OCCUPANT LAP SHOULDER HARNESS USED,CELL PHONE NOT IN USE,NONE APPARENT,,S,I-280,65.0,B,PROCEEDING STRAIGHT,A,HAD NOT BEEN DRINKING,,,M,MALE,49.0,C,CA,H,HISPANIC,22.0,PickupsAndPanels,2006.0,TOYT,Tundra,SIL,,,,,,,,,,,,
1775750,940855,2,Driver,,False,False,M,AIR BAG NOT DEPLOYED,G,OCCUPANT LAP SHOULDER HARNESS USED,CELL PHONE NOT IN USE,NONE APPARENT,,S,SR-87,65.0,A,STOPPED,A,HAD NOT BEEN DRINKING,,,F,FEMALE,23.0,C,CA,H,HISPANIC,1.0,PassengerCarStationWagonJeep,2008.0,LEXU,GS 350,RED,,,,,,,,,,,,
1775749,940855,1,Driver,True,False,False,L,AIR BAG DEPLOYED,G,OCCUPANT LAP SHOULDER HARNESS USED,CELL PHONE NOT IN USE,NONE APPARENT,,S,SR-87,65.0,B,PROCEEDING STRAIGHT,A,HAD NOT BEEN DRINKING,,,F,FEMALE,30.0,,,H,HISPANIC,1.0,PassengerCarStationWagonJeep,1995.0,TOYT,Camry,GRN,,,,,,,,,,,,
1775725,940843,2,Driver,,False,False,M,AIR BAG NOT DEPLOYED,G,OCCUPANT LAP SHOULDER HARNESS USED,CELL PHONE NOT IN USE,NONE APPARENT,,S,US101,65.0,B,PROCEEDING STRAIGHT,A,HAD NOT BEEN DRINKING,,,M,MALE,28.0,C,CA,O,OTHER,1.0,PassengerCarStationWagonJeep,2018.0,HOND,Accord,WHI,,,,,,,,,,,,
1775724,940843,1,Driver,True,False,True,B,UNKNOWN,B,OCCUPANT UNKNOWN,CELL PHONE NOT IN USE,NONE APPARENT,,S,US101,65.0,R,OTHER,G,IMPAIRMENT_NOT_KNOWN,,,,,,,,,,99.0,OtherUnknownHitAndRunDriver,,,,,,,,,,,,,,,,
1775712,940837,2,Driver,,False,False,M,AIR BAG NOT DEPLOYED,G,OCCUPANT LAP SHOULDER HARNESS USED,CELL PHONE NOT IN USE,NONE APPARENT,,S,I-280,65.0,H,SLOWING/STOPPING,A,HAD NOT BEEN DRINKING,,,M,MALE,20.0,F,CT,W,WHITE,7.0,SportUtilityVehicle,2013.0,FORD,Explorer,SIL,,,,,,,,,,,,
1775711,940837,1,Driver,True,False,False,M,AIR BAG NOT DEPLOYED,G,OCCUPANT LAP SHOULDER HARNESS USED,CELL PHONE NOT IN USE,NONE APPARENT,,S,I-280,65.0,B,PROCEEDING STRAIGHT,A,HAD NOT BEEN DRINKING,,,F,FEMALE,21.0,C,CA,H,HISPANIC,1.0,PassengerCarStationWagonJeep,2013.0,HONDA,Accord,RED,,,,,,,,,,,,
1775707,940834,1,Driver,True,False,False,M,AIR BAG NOT DEPLOYED,G,OCCUPANT LAP SHOULDER HARNESS USED,CELL PHONE NOT IN USE,VC SECTION VIOLATED - 22107,,N,SR-17,65.0,M,OTHER UNSAFE TURNING,A,HAD NOT BEEN DRINKING,,,M,MALE,23.0,C,CA,H,HISPANIC,1.0,PassengerCarStationWagonJeep,2001.0,BMW,SEDAN,SIL,,,,,,,,,,,,
1775688,940823,2,Driver,,False,False,M,AIR BAG NOT DEPLOYED,G,OCCUPANT LAP SHOULDER HARNESS USED,CELL PHONE NOT IN USE,STOP & GO TRAFFIC,,N,I-880,65.0,H,SLOWING/STOPPING,A,HAD NOT BEEN DRINKING,,,M,MALE,46.0,C,CA,A,ASIAN,1.0,PassengerCarStationWagonJeep,2017.0,HYUN,Elantra,WHI,,,,,,,,,,,,
1775687,940823,1,Driver,True,False,False,M,AIR BAG NOT DEPLOYED,G,OCCUPANT LAP SHOULDER HARNESS USED,CELL PHONE NOT IN USE,STOP & GO TRAFFIC,,N,I-880,65.0,B,PROCEEDING STRAIGHT,A,HAD NOT BEEN DRINKING,,,M,MALE,44.0,C,CA,W,WHITE,1.0,PassengerCarStationWagonJeep,2015.0,VOLVO,S60,BLK,,,,,,,,,,,,
1775671,940814,2,Driver,,False,False,M,AIR BAG NOT DEPLOYED,G,OCCUPANT LAP SHOULDER HARNESS USED,CELL PHONE NOT IN USE,NONE APPARENT,,S,I-680,65.0,A,STOPPED,A,HAD NOT BEEN DRINKING,,,M,MALE,46.0,C,CA,H,HISPANIC,1.0,PassengerCarStationWagonJeep,2003.0,HOND,Accord,SIL,,,,,,,,,,,,
1775670,940814,1,Driver,True,False,True,B,UNKNOWN,B,OCCUPANT UNKNOWN,CELL PHONE NOT IN USE,NONE APPARENT,,S,I-680,65.0,B,PROCEEDING STRAIGHT,G,IMPAIRMENT_NOT_KNOWN,,,,,,,,,,99.0,OtherUnknownHitAndRunDriver,,,,,,,,,,,,,,,,
1775617,940789,3,Driver,,False,False,M,AIR BAG NOT DEPLOYED,G,OCCUPANT LAP SHOULDER HARNESS USED,CELL PHONE NOT IN USE,NONE APPARENT,,N,I-880,65.0,B,PROCEEDING STRAIGHT,A,HAD NOT BEEN DRINKING,,,M,MALE,35.0,C,CA,H,HISPANIC,22.0,PickupsAndPanels,2003.0,TOYO,Tundra,GRN,,,,,,,,,,,,
1775616,940789,2,Driver,,False,False,M,AIR BAG NOT DEPLOYED,G,OCCUPANT LAP SHOULDER HARNESS USED,CELL PHONE NOT IN USE,NONE APPARENT,,N,I-880,65.0,H,SLOWING/STOPPING,A,HAD NOT BEEN DRINKING,,,M,MALE,44.0,C,CA,W,WHITE,1.0,PassengerCarStationWagonJeep,2015.0,NISS,Altima,GRY,,,,,,,,,,,,
1775615,940789,1,Driver,True,False,False,L,AIR BAG DEPLOYED,G,OCCUPANT LAP SHOULDER HARNESS USED,CELL PHONE NOT IN USE,NONE APPARENT,,N,I-880,65.0,B,PROCEEDING STRAIGHT,A,HAD NOT BEEN DRINKING,,,F,FEMALE,37.0,C,CA,W,WHITE,7.0,SportUtilityVehicle,2017.0,NISS,Rogue,WHI,,,,,,,,,,,,
1775547,940753,2,Driver,,False,False,M,AIR BAG NOT DEPLOYED,G,OCCUPANT LAP SHOULDER HARNESS USED,CELL PHONE NOT IN USE,ENTERING OR LEAVING RAMP,,S,SR-85,65.0,B,PROCEEDING STRAIGHT,A,HAD NOT BEEN DRINKING,,,M,MALE,34.0,C,CA,O,OTHER,22.0,PickupsAndPanels,2006.0,FORD,F150,SIL,,,,,,,,,,,,
1775546,940753,1,Driver,,False,False,M,AIR BAG NOT DEPLOYED,G,OCCUPANT LAP SHOULDER HARNESS USED,CELL PHONE NOT IN USE,ENTERING OR LEAVING RAMP,,S,SR-85,65.0,B,PROCEEDING STRAIGHT,A,HAD NOT BEEN DRINKING,,,F,FEMALE,54.0,C,CA,W,WHITE,1.0,PassengerCarStationWagonJeep,2008.0,CHRYSLER,300,SIL,,,,,,,,,,,,
1775329,940643,2,Driver,,False,False,M,AIR BAG NOT DEPLOYED,G,OCCUPANT LAP SHOULDER HARNESS USED,CELL PHONE NOT IN USE,STOP & GO TRAFFIC,,S,I-680,65.0,H,SLOWING/STOPPING,A,HAD NOT BEEN DRINKING,,,M,MALE,47.0,C,CA,A,ASIAN,1.0,PassengerCarStationWagonJeep,2002.0,HOND,Accord,MAR,,,,,,,,,,,,
1775328,940643,1,Driver,True,False,False,L,AIR BAG DEPLOYED,G,OCCUPANT LAP SHOULDER HARNESS USED,CELL PHONE NOT IN USE,STOP & GO TRAFFIC,,S,I-680,65.0,B,PROCEEDING STRAIGHT,A,HAD NOT BEEN DRINKING,,,F,FEMALE,64.0,C,CA,A,ASIAN,1.0,PassengerCarStationWagonJeep,2010.0,TOYT,Corolla,BLK,,,,,,,,,,,,
1775314,940636,2,Driver,,False,False,M,AIR BAG NOT DEPLOYED,G,OCCUPANT LAP SHOULDER HARNESS USED,CELL PHONE NOT IN USE,STOP & GO TRAFFIC,,N,I-680,65.0,A,STOPPED,A,HAD NOT BEEN DRINKING,,,M,MALE,47.0,C,CA,A,ASIAN,1.0,PassengerCarStationWagonJeep,2015.0,HOND,Accent,TAN,,,,,,,,,,,,
1775313,940636,1,Driver,True,False,False,M,AIR BAG NOT DEPLOYED,G,OCCUPANT LAP SHOULDER HARNESS USED,CELL PHONE NOT IN USE,STOP & GO TRAFFIC,,N,I-680,65.0,R,OTHER,A,HAD NOT BEEN DRINKING,,,F,FEMALE,27.0,,,H,HISPANIC,1.0,PassengerCarStationWagonJeep,2014.0,CHEV,Camaro,RED,,,,,,,,,,,,
1775249,940610,2,Driver,,False,False,M,AIR BAG NOT DEPLOYED,G,OCCUPANT LAP SHOULDER HARNESS USED,CELL PHONE NOT IN USE,NONE APPARENT,,S,I-280,65.0,A,STOPPED,A,HAD NOT BEEN DRINKING,,,M,MALE,26.0,C,CA,W,WHITE,1.0,PassengerCarStationWagonJeep,2017.0,HYUN,Sonata,SIL,,,,,,,,,,,,
1775248,940610,1,Driver,True,False,False,M,AIR BAG NOT DEPLOYED,G,OCCUPANT LAP SHOULDER HARNESS USED,CELL PHONE NOT IN USE,NONE APPARENT,,S,I-280,65.0,B,PROCEEDING STRAIGHT,A,HAD NOT BEEN DRINKING,,,F,FEMALE,37.0,C,CA,A,ASIAN,1.0,PassengerCarStationWagonJeep,2015.0,CHEV,Malibu,WHI,,,,,,,,,,,,
1775162,940561,2,Driver,,False,False,M,AIR BAG NOT DEPLOYED,G,OCCUPANT LAP SHOULDER HARNESS USED,CELL PHONE NOT IN USE,NONE APPARENT,,S,US101,65.0,A,STOPPED,A,HAD NOT BEEN DRINKING,,,F,FEMALE,22.0,C,CA,H,HISPANIC,1.0,PassengerCarStationWagonJeep,2008.0,NISS,Altima,SIL,,,,,,,,,,,,
1775161,940561,1,Driver,True,False,False,M,AIR BAG NOT DEPLOYED,G,OCCUPANT LAP SHOULDER HARNESS USED,CELL PHONE NOT IN USE,NONE APPARENT,,S,US101,65.0,J,CHANGING LANES,A,HAD NOT BEEN DRINKING,,,F,FEMALE,52.0,C,CA,A,ASIAN,1.0,PassengerCarStationWagonJeep,2005.0,NISS,Sentra,MAR,,,,,,,,,,,,
1775015,940481,3,Driver,,False,False,M,AIR BAG NOT DEPLOYED,G,OCCUPANT LAP SHOULDER HARNESS USED,CELL PHONE NOT IN USE,NONE APPARENT,,S,I-280,65.0,A,STOPPED,A,HAD NOT BEEN DRINKING,,,F,FEMALE,23.0,C,CA,H,HISPANIC,1.0,PassengerCarStationWagonJeep,2011.0,MAZD,MAZDA 3,GRY,,,,,,,,,,,,
1775014,940481,2,Driver,,False,False,M,AIR BAG NOT DEPLOYED,G,OCCUPANT LAP SHOULDER HARNESS USED,CELL PHONE NOT IN USE,NONE APPARENT,,S,I-280,65.0,H,SLOWING/STOPPING,A,HAD NOT BEEN DRINKING,,,M,MALE,31.0,F,FL,W,WHITE,1.0,PassengerCarStationWagonJeep,2009.0,HYUN,Accent,BLU,,,,,,,,,,,,
1775013,940481,1,Driver,True,False,False,L,AIR BAG DEPLOYED,G,OCCUPANT LAP SHOULDER HARNESS USED,CELL PHONE NOT IN USE,NONE APPARENT,,S,I-280,65.0,B,PROCEEDING STRAIGHT,A,HAD NOT BEEN DRINKING,,,M,MALE,30.0,C,CA,H,HISPANIC,7.0,SportUtilityVehicle,2013.0,GMC,Terrain,GRY,,,,,,,,,,,,
1774980,940461,3,Driver,,False,False,M,AIR BAG NOT DEPLOYED,G,OCCUPANT LAP SHOULDER HARNESS USED,CELL PHONE NOT IN USE,NONE APPARENT,,S,US-101,65.0,A,STOPPED,A,HAD NOT BEEN DRINKING,,,M,MALE,34.0,C,CA,W,WHITE,1.0,PassengerCarStationWagonJeep,2009.0,NISS,Altima,GRY,,,,,,,,,,,,
1774979,940461,2,Driver,,False,False,M,AIR BAG NOT DEPLOYED,G,OCCUPANT LAP SHOULDER HARNESS USED,CELL PHONE NOT IN USE,NONE APPARENT,,S,US-101,65.0,H,SLOWING/STOPPING,A,HAD NOT BEEN DRINKING,,,M,MALE,45.0,C,CA,W,WHITE,7.0,SportUtilityVehicle,2014.0,JEEP,Grand Cherokee,BLK,,,,,,,,,,,,
1774978,940461,1,Driver,True,False,False,M,AIR BAG NOT DEPLOYED,G,OCCUPANT LAP SHOULDER HARNESS USED,CELL PHONE NOT IN USE,NONE APPARENT,,S,US-101,65.0,J,CHANGING LANES,A,HAD NOT BEEN DRINKING,,,M,MALE,61.0,C,CA,A,ASIAN,7.0,SportUtilityVehicle,1997.0,INFI,QX4,BRN,,,,,,,,,,,,
1774468,940191,2,Driver,,False,False,M,AIR BAG NOT DEPLOYED,G,OCCUPANT LAP SHOULDER HARNESS USED,CELL PHONE NOT IN USE,NONE APPARENT,,S,SR-87,55.0,B,PROCEEDING STRAIGHT,A,HAD NOT BEEN DRINKING,,,M,MALE,53.0,C,CA,H,HISPANIC,22.0,PickupsAndPanels,2016.0,FORD,F-150,WHI,,32.0,PullTrailer,2018.0,FSTRT,,BLK,,,,,
1774467,940191,1,Driver,True,False,False,L,AIR BAG DEPLOYED,G,OCCUPANT LAP SHOULDER HARNESS USED,CELL PHONE NOT IN USE,NONE APPARENT,,S,SR-87,65.0,J,CHANGING LANES,A,HAD NOT BEEN DRINKING,,,M,MALE,38.0,C,CA,H,HISPANIC,1.0,PassengerCarStationWagonJeep,2006.0,CHRY,PT Cruiser,YEL,,,,,,,,,,,,
1774466,940190,3,Driver,,False,False,M,AIR BAG NOT DEPLOYED,G,OCCUPANT LAP SHOULDER HARNESS USED,CELL PHONE NOT IN USE,ENTERING OR LEAVING RAMP,,E,I-880 N/B TO MONTAGUE EXPWY,65.0,A,STOPPED,A,HAD NOT BEEN DRINKING,,,M,MALE,41.0,C,CA,H,HISPANIC,22.0,PickupsAndPanels,2006.0,GMC,Sierra,BLK,,,,,,,,,,,,
1774465,940190,2,Driver,,False,False,M,AIR BAG NOT DEPLOYED,G,OCCUPANT LAP SHOULDER HARNESS USED,CELL PHONE NOT IN USE,ENTERING OR LEAVING RAMP,,E,I-880 N/B TO MONTAGUE EXPWY,65.0,A,STOPPED,A,HAD NOT BEEN DRINKING,,,M,MALE,71.0,C,CA,A,ASIAN,1.0,PassengerCarStationWagonJeep,1991.0,TOYO,Camry,RED,,,,,,,,,,,,
1774464,940190,1,Driver,True,False,False,M,AIR BAG NOT DEPLOYED,G,OCCUPANT LAP SHOULDER HARNESS USED,CELL PHONE NOT IN USE,ENTERING OR LEAVING RAMP,,E,I-880 N/B TO MONTAGUE EXPWY,65.0,B,PROCEEDING STRAIGHT,A,HAD NOT BEEN DRINKING,,,M,MALE,51.0,C,CA,A,ASIAN,7.0,SportUtilityVehicle,1995.0,MAZDA,pz,GRN,,,,,,,,,,,,
1774408,940159,2,Driver,,False,True,B,UNKNOWN,B,OCCUPANT UNKNOWN,CELL PHONE NOT IN USE,STOP & GO TRAFFIC,,S,I-880,65.0,A,STOPPED,G,IMPAIRMENT_NOT_KNOWN,,,,,,,,,,99.0,OtherUnknownHitAndRunDriver,,,,,,,,,,,,,,,,
1774407,940159,1,Driver,True,False,False,M,AIR BAG NOT DEPLOYED,G,OCCUPANT LAP SHOULDER HARNESS USED,CELL PHONE NOT IN USE,STOP & GO TRAFFIC,,S,I-880,65.0,B,PROCEEDING STRAIGHT,A,HAD NOT BEEN DRINKING,,,M,MALE,69.0,C,CA,A,ASIAN,7.0,SportUtilityVehicle,2006.0,BMW,X5,SIL,,,,,,,,,,,,
1774381,940143,2,Driver,,False,False,M,AIR BAG NOT DEPLOYED,G,OCCUPANT LAP SHOULDER HARNESS USED,CELL PHONE NOT IN USE,NONE APPARENT,,N,I-280,65.0,B,PROCEEDING STRAIGHT,A,HAD NOT BEEN DRINKING,,,M,MALE,32.0,C,CA,W,WHITE,1.0,PassengerCarStationWagonJeep,2004.0,HOND,Civic,BLK,,,,,,,,,,,,
1774380,940143,1,Driver,True,False,True,L,AIR BAG DEPLOYED,B,OCCUPANT UNKNOWN,CELL PHONE NOT IN USE,NONE APPARENT,,N,I-280,65.0,R,OTHER,D,HBD-IMPAIRMENT UNKNOWN,,,,,,,,,,1.0,PassengerCarStationWagonJeep,2012.0,DODG,Avenger,GRY,,,,,,,,,,,,
1774340,940121,3,Driver,,False,False,M,AIR BAG NOT DEPLOYED,G,OCCUPANT LAP SHOULDER HARNESS USED,CELL PHONE NOT IN USE,NONE APPARENT,,S,SR-87,65.0,B,PROCEEDING STRAIGHT,A,HAD NOT BEEN DRINKING,,,F,FEMALE,59.0,U,CA,W,WHITE,7.0,SportUtilityVehicle,2017.0,LINC,MKC,WHI,,,,,,,,,,,,
1774339,940121,2,Driver,,False,False,M,AIR BAG NOT DEPLOYED,G,OCCUPANT LAP SHOULDER HARNESS USED,CELL PHONE NOT IN USE,NONE APPARENT,,S,SR-87,65.0,B,PROCEEDING STRAIGHT,A,HAD NOT BEEN DRINKING,,,F,FEMALE,,C,CA,W,WHITE,7.0,SportUtilityVehicle,2017.0,JEEP,Grand Cherokee,WHI,,,,,,,,,,,,
1774338,940121,1,Driver,True,False,False,M,AIR BAG NOT DEPLOYED,G,OCCUPANT LAP SHOULDER HARNESS USED,CELL PHONE NOT IN USE,NONE APPARENT,,S,SR-87,65.0,B,PROCEEDING STRAIGHT,A,HAD NOT BEEN DRINKING,,,F,FEMALE,,C,CA,H,HISPANIC,1.0,PassengerCarStationWagonJeep,2008.0,HOND,Accord,GRY,,,,,,,,,,,,
1773925,939898,3,Driver,,False,False,M,AIR BAG NOT DEPLOYED,G,OCCUPANT LAP SHOULDER HARNESS USED,CELL PHONE NOT IN USE,NONE APPARENT,,N,I-880,65.0,H,SLOWING/STOPPING,A,HAD NOT BEEN DRINKING,,,F,FEMALE,46.0,C,CA,W,WHITE,7.0,SportUtilityVehicle,2016.0,JEEP,CHEOR,BRN,,,,,,,,,,,,
1773924,939898,2,Driver,,False,False,M,AIR BAG NOT DEPLOYED,G,OCCUPANT LAP SHOULDER HARNESS USED,CELL PHONE NOT IN USE,NONE APPARENT,,N,I-880,65.0,H,SLOWING/STOPPING,A,HAD NOT BEEN DRINKING,,,M,MALE,67.0,C,CA,W,WHITE,7.0,SportUtilityVehicle,2005.0,TOYT,Tacoma,GRY,,,,,,,,,,,,
1773923,939898,1,Driver,True,False,False,M,AIR BAG NOT DEPLOYED,G,OCCUPANT LAP SHOULDER HARNESS USED,CELL PHONE NOT IN USE,NONE APPARENT,,N,I-880,65.0,B,PROCEEDING STRAIGHT,A,HAD NOT BEEN DRINKING,,,M,MALE,24.0,C,CA,W,WHITE,1.0,PassengerCarStationWagonJeep,2018.0,TOYT,Corolla,GRY,,,,,,,,,,,,
1773786,939830,2,Driver,,False,False,M,AIR BAG NOT DEPLOYED,G,OCCUPANT LAP SHOULDER HARNESS USED,CELL PHONE NOT IN USE,NONE APPARENT,,S,US-101,65.0,H,SLOWING/STOPPING,A,HAD NOT BEEN DRINKING,,,F,FEMALE,47.0,C,CA,A,ASIAN,1.0,PassengerCarStationWagonJeep,2017.0,HOND,Accord,WHI,,,,,,,,,,,,
1773785,939830,1,Driver,True,False,False,M,AIR BAG NOT DEPLOYED,G,OCCUPANT LAP SHOULDER HARNESS USED,CELL PHONE NOT IN USE,NONE APPARENT,,S,US-101,65.0,H,SLOWING/STOPPING,A,HAD NOT BEEN DRINKING,,,F,FEMALE,19.0,C,CA,A,ASIAN,1.0,PassengerCarStationWagonJeep,2001.0,HOND,Civic,SIL,,,,,,,,,,,,
1773731,939803,3,Driver,,False,False,M,AIR BAG NOT DEPLOYED,G,OCCUPANT LAP SHOULDER HARNESS USED,CELL PHONE NOT IN USE,STOP & GO TRAFFIC,,S,I-280,65.0,H,SLOWING/STOPPING,A,HAD NOT BEEN DRINKING,,,M,MALE,59.0,C,CA,A,ASIAN,1.0,PassengerCarStationWagonJeep,2016.0,TOYOTA,Prius,GRY,,,,,,,,,,,,
1773730,939803,2,Driver,,False,False,M,AIR BAG NOT DEPLOYED,G,OCCUPANT LAP SHOULDER HARNESS USED,CELL PHONE NOT IN USE,STOP & GO TRAFFIC,,S,I-280,65.0,H,SLOWING/STOPPING,A,HAD NOT BEEN DRINKING,,,F,FEMALE,30.0,C,CA,H,HISPANIC,1.0,PassengerCarStationWagonJeep,2019.0,TOYOTA,CH-R,WHI,,,,,,,,,,,,
1773729,939803,1,Driver,True,False,False,L,AIR BAG DEPLOYED,G,OCCUPANT LAP SHOULDER HARNESS USED,CELL PHONE NOT IN USE,STOP & GO TRAFFIC,,S,I-280,65.0,B,PROCEEDING STRAIGHT,A,HAD NOT BEEN DRINKING,,,M,MALE,21.0,C,CA,H,HISPANIC,7.0,SportUtilityVehicle,2004.0,NISSAN,Xterra,GRY,,,,,,,,,,,,
1793628,950145,3,Driver,,False,False,M,AIR BAG NOT DEPLOYED,G,OCCUPANT LAP SHOULDER HARNESS USED,CELL PHONE NOT IN USE,NONE APPARENT,,W,SR-237,55.0,H,SLOWING/STOPPING,A,HAD NOT BEEN DRINKING,,,M,MALE,45.0,A,CA,W,WHITE,26.0,TwoAxleTruck,2010.0,INTE,Durastar,WHI,,31.0,SemiTrailer,2008.0,TRAILER,Hackney,BLU,,,,,
1793627,950145,2,Driver,,False,False,M,AIR BAG NOT DEPLOYED,G,OCCUPANT LAP SHOULDER HARNESS USED,CELL PHONE NOT IN USE,NONE APPARENT,,W,SR-237,65.0,H,SLOWING/STOPPING,A,HAD NOT BEEN DRINKING,,,M,MALE,40.0,C,CA,H,HISPANIC,22.0,PickupsAndPanels,1997.0,CHEVY,S10,GLD,,,,,,,,,,,,
1793626,950145,1,Driver,True,False,False,L,AIR BAG DEPLOYED,G,OCCUPANT LAP SHOULDER HARNESS USED,CELL PHONE NOT IN USE,NONE APPARENT,,W,SR-237,65.0,B,PROCEEDING STRAIGHT,A,HAD NOT BEEN DRINKING,,,F,FEMALE,27.0,C,CA,O,OTHER,1.0,PassengerCarStationWagonJeep,2012.0,NISS,Sentra,WHI,,,,,,,,,,,,
1793185,949914,2,Driver,,False,False,M,AIR BAG NOT DEPLOYED,G,OCCUPANT LAP SHOULDER HARNESS USED,CELL PHONE NOT IN USE,NONE APPARENT,,S,I-280,65.0,B,PROCEEDING STRAIGHT,A,HAD NOT BEEN DRINKING,,,F,FEMALE,54.0,C,CA,W,WHITE,1.0,PassengerCarStationWagonJeep,2013.0,HONDA,Accord,BLU,,,,,,,,,,,,