PartyId,CollisionId,PartyNumber,PartyType,IsAtFault,IsOnDutyEmergencyVehicle,IsHitAndRun,AirbagCode,AirbagDescription,SafetyEquipmentCode,SafetyEquipmentDescription,Special Information,Other Associate Factor,Inattention,DirectionOfTravel,StreetOrHighwayName,SpeedLimit,MovementPrecCollCode,MovementPrecCollDescription,SobrietyDrugPhysicalCode1,SobrietyDrugPhysicalDescription1,SobrietyDrugPhysicalCode2,SobrietyDrugPhysicalDescription2,GenderCode,GenderDescription,StatedAge,DriverLicenseClass,DriverLicenseStateCode,RaceCode,RaceDesc,Vehicle1TypeId, Vehicle1TypeDesc, Vehicle1Year,Vehicle1Make,Vehicle1Model,Vehicle1Color,V1IsVehicleTowed,Vehicle2TypeId, Vehicle2TypeDesc, Vehicle2Year,Vehicle2Make,Vehicle2Model,Vehicle2Color,V2IsVehicleTowed,Lane,ThruLanes,TotalLanes,IsDREConducted
1844743,976992,1,Driver,True,False,False,M,AIR BAG NOT DEPLOYED,G,OCCUPANT LAP SHOULDER HARNESS USED,CELL PHONE NOT IN USE,NONE APPARENT,,N,I-880,65.0,J,CHANGING LANES,A,HAD NOT BEEN DRINKING,,,M,MALE,49.0,C,CA,A,ASIAN,1.0,PassengerCarStationWagonJeep,2013.0,TOYO,Prius,TEA,,,,,,,,,,,,
1844710,976976,1,Driver,True,False,False,P,NOT REQUIRED,W,MOTOR BICYCLE DRIVER WITH HELMET,CELL PHONE NOT IN USE,NONE APPARENT,,N,I-880,65.0,R,OTHER,A,HAD NOT BEEN DRINKING,,,M,MALE,76.0,M1,CA,W,WHITE,2.0,Motorcycle,2018.0,YAMA,XMAX,WHI,,,,,,,,,,,,
1844644,976942,2,Driver,,False,False,M,AIR BAG NOT DEPLOYED,G,OCCUPANT LAP SHOULDER HARNESS USED,CELL PHONE NOT IN USE,NONE APPARENT,,S,I-880,65.0,B,PROCEEDING STRAIGHT,A,HAD NOT BEEN DRINKING,,,F,FEMALE,26.0,C,CA,O,OTHER,1.0,PassengerCarStationWagonJeep,2017.0,HONDA,Civic,BLU,,,,,,,,,,,,
1844643,976942,1,Driver,True,False,True,B,UNKNOWN,B,OCCUPANT UNKNOWN,CELL PHONE USE UNKNOWN,NONE APPARENT,,S,I-880,65.0,B,PROCEEDING STRAIGHT,G,IMPAIRMENT_NOT_KNOWN,,,,,,,,,,99.0,OtherUnknownHitAndRunDriver,,,,,,,,,,,,,,,,
1844617,976930,2,Driver,,False,False,M,AIR BAG NOT DEPLOYED,G,OCCUPANT LAP SHOULDER HARNESS USED,CELL PHONE NOT IN USE,NONE APPARENT,,S,US101,65.0,A,STOPPED,A,HAD NOT BEEN DRINKING,,,F,FEMALE,23.0,C,CA,W,WHITE,7.0,SportUtilityVehicle,2018.0,MAZDA,CX-5,WHT,,,,,,,,,,,,
1844616,976930,1,Driver,True,False,False,M,AIR BAG NOT DEPLOYED,G,OCCUPANT LAP SHOULDER HARNESS USED,CELL PHONE NOT IN USE,NONE APPARENT,,S,US101,65.0,J,CHANGING LANES,A,HAD NOT BEEN DRINKING,,,F,FEMALE,39.0,C,CA,O,OTHER,1.0,PassengerCarStationWagonJeep,2009.0,TOYO,Camry,GRY,,,,,,,,,,,,
1844561,976903,4,Driver,,False,False,M,AIR BAG NOT DEPLOYED,G,OCCUPANT LAP SHOULDER HARNESS USED,CELL PHONE NOT IN USE,NONE APPARENT,,E,SR-237,65.0,A,STOPPED,A,HAD NOT BEEN DRINKING,,,F,FEMALE,33.0,C,CA,A,ASIAN,1.0,PassengerCarStationWagonJeep,2017.0,MERZ,C350,GRY,,,,,,,,,,,,
1844560,976903,3,Driver,,False,False,M,AIR BAG NOT DEPLOYED,G,OCCUPANT LAP SHOULDER HARNESS USED,CELL PHONE NOT IN USE,NONE APPARENT,,E,SR-237,65.0,A,STOPPED,A,HAD NOT BEEN DRINKING,,,M,MALE,41.0,C,CA,A,ASIAN,1.0,PassengerCarStationWagonJeep,2000.0,AUDI,TT,BLU,,,,,,,,,,,,
1844559,976903,2,Driver,,False,False,M,AIR BAG NOT DEPLOYED,G,OCCUPANT LAP SHOULDER HARNESS USED,CELL PHONE NOT IN USE,NONE APPARENT,,E,SR-237,65.0,A,STOPPED,A,HAD NOT BEEN DRINKING,,,M,MALE,26.0,C,CA,O,OTHER,1.0,PassengerCarStationWagonJeep,2017.0,HOND,Accord,BLK,,,,,,,,,,,,
1844558,976903,1,Driver,True,False,False,L,AIR BAG DEPLOYED,G,OCCUPANT LAP SHOULDER HARNESS USED,CELL PHONE NOT IN USE,NONE APPARENT,,E,SR-237,65.0,B,PROCEEDING STRAIGHT,A,HAD NOT BEEN DRINKING,,,M,MALE,46.0,C,CA,A,ASIAN,1.0,PassengerCarStationWagonJeep,2013.0,TOYT,Camry,GRY,,,,,,,,,,,,
1844491,976871,2,Driver,,False,False,M,AIR BAG NOT DEPLOYED,G,OCCUPANT LAP SHOULDER HARNESS USED,CELL PHONE NOT IN USE,NONE APPARENT,,S,I-280,65.0,R,OTHER,A,HAD NOT BEEN DRINKING,,,M,MALE,35.0,F,MX,H,HISPANIC,7.0,SportUtilityVehicle,2002.0,ACUR,MDX,,,,,,,,,,,,,
1844490,976871,1,Driver,,False,False,M,AIR BAG NOT DEPLOYED,G,OCCUPANT LAP SHOULDER HARNESS USED,CELL PHONE NOT IN USE,NONE APPARENT,,S,I-280,65.0,R,OTHER,A,HAD NOT BEEN DRINKING,,,M,MALE,56.0,C,CA,W,WHITE,8.0,MiniVan,2014.0,CHRY,Caravan,TAN,,,,,,,,,,,,
1844470,976861,3,Driver,,False,False,M,AIR BAG NOT DEPLOYED,G,OCCUPANT LAP SHOULDER HARNESS USED,CELL PHONE NOT IN USE,NONE APPARENT,,N,SR-87,65.0,H,SLOWING/STOPPING,A,HAD NOT BEEN DRINKING,,,M,MALE,73.0,C,CA,A,ASIAN,1.0,PassengerCarStationWagonJeep,2016.0,FORD,Focus,WHI,,,,,,,,,,,,
1844469,976861,2,Driver,,False,False,M,AIR BAG NOT DEPLOYED,G,OCCUPANT LAP SHOULDER HARNESS USED,CELL PHONE NOT IN USE,VC SECTION VIOLATED - 22350 / NONE APPARENT,,N,SR-87 N/B,65.0,B,PROCEEDING STRAIGHT,A,HAD NOT BEEN DRINKING,,,F,FEMALE,79.0,C,CA,W,WHITE,7.0,SportUtilityVehicle,2019.0,SUBA,Outback,TAN,,,,,,,,,,,,
1844468,976861,1,Driver,True,False,False,M,AIR BAG NOT DEPLOYED,G,OCCUPANT LAP SHOULDER HARNESS USED,CELL PHONE NOT IN USE,NONE APPARENT,,N,SR-87,65.0,B,PROCEEDING STRAIGHT,A,HAD NOT BEEN DRINKING,,,M,MALE,50.0,C,CA,H,HISPANIC,1.0,PassengerCarStationWagonJeep,2010.0,MAZD,5,BLU,,,,,,,,,,,,
1844464,976858,3,Driver,,False,False,M,AIR BAG NOT DEPLOYED,G,OCCUPANT LAP SHOULDER HARNESS USED,CELL PHONE NOT IN USE,NONE APPARENT,,N,SR-85,65.0,A,STOPPED,A,HAD NOT BEEN DRINKING,,,M,MALE,43.0,C,CA,A,ASIAN,7.0,SportUtilityVehicle,2005.0,JEEP,Liberty,WHI,,,,,,,,,,,,
1844463,976858,2,Driver,,False,False,M,AIR BAG NOT DEPLOYED,G,OCCUPANT LAP SHOULDER HARNESS USED,CELL PHONE NOT IN USE,NONE APPARENT,,N,SR-85,65.0,A,STOPPED,A,HAD NOT BEEN DRINKING,,,F,FEMALE,25.0,C,CA,W,WHITE,7.0,SportUtilityVehicle,2014.0,JEEP,Patriot,GRY,,,,,,,,,,,,
1844462,976858,1,Driver,True,False,False,L,AIR BAG DEPLOYED,G,OCCUPANT LAP SHOULDER HARNESS USED,CELL PHONE NOT IN USE,NONE APPARENT,,N,SR-85,65.0,B,PROCEEDING STRAIGHT,A,HAD NOT BEEN DRINKING,,,M,MALE,34.0,C,CA,O,OTHER,7.0,SportUtilityVehicle,2012.0,VOLK,Passat,WHI,,,,,,,,,,,,
1844210,976732,5,Driver,,False,False,L,AIR BAG DEPLOYED,G,OCCUPANT LAP SHOULDER HARNESS USED,CELL PHONE NOT IN USE,NONE APPARENT,,N,I-280,65.0,B,PROCEEDING STRAIGHT,A,HAD NOT BEEN DRINKING,,,M,MALE,37.0,C,CA,O,OTHER,7.0,SportUtilityVehicle,2018.0,KIA,Sportage,SIL,,,,,,,,,,,,
1844209,976732,4,Driver,,False,False,M,AIR BAG NOT DEPLOYED,G,OCCUPANT LAP SHOULDER HARNESS USED,CELL PHONE NOT IN USE,NONE APPARENT,,N,I-280,65.0,H,SLOWING/STOPPING,A,HAD NOT BEEN DRINKING,,,F,FEMALE,37.0,C,CA,H,HISPANIC,22.0,PickupsAndPanels,2018.0,CHEV,Silverado,BLK,,,,,,,,,,,,
1844208,976732,3,Driver,,False,False,L,AIR BAG DEPLOYED,G,OCCUPANT LAP SHOULDER HARNESS USED,CELL PHONE NOT IN USE,NONE APPARENT,,N,I-280,65.0,B,PROCEEDING STRAIGHT,A,HAD NOT BEEN DRINKING,,,M,MALE,25.0,C,CA,A,ASIAN,1.0,PassengerCarStationWagonJeep,2016.0,TOYT,Camry,SIL,,,,,,,,,,,,
1844207,976732,2,Driver,,False,False,M,AIR BAG NOT DEPLOYED,G,OCCUPANT LAP SHOULDER HARNESS USED,CELL PHONE NOT IN USE,NONE APPARENT,,N,I-280,65.0,H,SLOWING/STOPPING,A,HAD NOT BEEN DRINKING,,,F,FEMALE,34.0,C,CA,A,ASIAN,1.0,PassengerCarStationWagonJeep,2019.0,NISS,Sentra,GRY,,,,,,,,,,,,
1844206,976732,1,Driver,True,False,False,M,AIR BAG NOT DEPLOYED,G,OCCUPANT LAP SHOULDER HARNESS USED,CELL PHONE NOT IN USE,NONE APPARENT,,N,I-280,65.0,B,PROCEEDING STRAIGHT,A,HAD NOT BEEN DRINKING,,,F,FEMALE,33.0,C,CA,H,HISPANIC,1.0,PassengerCarStationWagonJeep,1990.0,OLDS,Delta 88,BLU,,,,,,,,,,,,
1844078,976667,1,Driver,True,False,False,M,AIR BAG NOT DEPLOYED,G,OCCUPANT LAP SHOULDER HARNESS USED,CELL PHONE NOT IN USE,VC SECTION VIOLATED - 22107,,N,I-280,65.0,R,OTHER,B,HBD-UNDER INFLUENCE,,,M,MALE,41.0,C,CA,H,HISPANIC,7.0,SportUtilityVehicle,2003.0,CHEV,Tahoe,SIL,,,,,,,,,,,,
1842068,975178,2,Driver,,False,False,M,AIR BAG NOT DEPLOYED,G,OCCUPANT LAP SHOULDER HARNESS USED,CELL PHONE NOT IN USE,NONE APPARENT,,N,US-101,65.0,H,SLOWING/STOPPING,A,HAD NOT BEEN DRINKING,,,M,MALE,76.0,C,CA,A,ASIAN,8.0,MiniVan,2018.0,TOYO,Sienna,GRY,,,,,,,,,,,,
1842067,975178,1,Driver,True,False,False,M,AIR BAG NOT DEPLOYED,G,OCCUPANT LAP SHOULDER HARNESS USED,CELL PHONE NOT IN USE,NONE APPARENT,,N,US-101,65.0,M,OTHER UNSAFE TURNING,A,HAD NOT BEEN DRINKING,,,M,MALE,18.0,C,CA,W,WHITE,1.0,PassengerCarStationWagonJeep,1997.0,MERB,C230,SIL,,,,,,,,,,,,
1841794,975042,2,Driver,,False,False,L,AIR BAG DEPLOYED,G,OCCUPANT LAP SHOULDER HARNESS USED,CELL PHONE NOT IN USE,NONE APPARENT,,N,I-280,65.0,B,PROCEEDING STRAIGHT,A,HAD NOT BEEN DRINKING,,,M,MALE,75.0,C,CA,A,ASIAN,8.0,MiniVan,2003.0,DODG,Caravan,BLU,,,,,,,,,,,,
1841793,975042,1,Driver,True,False,False,L,AIR BAG DEPLOYED,G,OCCUPANT LAP SHOULDER HARNESS USED,CELL PHONE NOT IN USE,NONE APPARENT,,N,I-280,65.0,J,CHANGING LANES,A,HAD NOT BEEN DRINKING,,,F,FEMALE,27.0,C,CA,W,WHITE,1.0,PassengerCarStationWagonJeep,2008.0,FORD,Fusion,RED,,,,,,,,,,,,
1841589,974939,5,Driver,,False,False,L,AIR BAG DEPLOYED,G,OCCUPANT LAP SHOULDER HARNESS USED,CELL PHONE NOT IN USE,NONE APPARENT,,S,I-880,65.0,B,PROCEEDING STRAIGHT,A,HAD NOT BEEN DRINKING,,,M,MALE,56.0,C,CA,O,OTHER,1.0,PassengerCarStationWagonJeep,2015.0,HONDA,Accord,BLK,,,,,,,,,,,,
1841588,974939,4,Driver,,True,False,P,NOT REQUIRED,G,OCCUPANT LAP SHOULDER HARNESS USED,CELL PHONE NOT IN USE,NONE APPARENT,,S,I-880,65.0,B,PROCEEDING STRAIGHT,A,HAD NOT BEEN DRINKING,,,F,FEMALE,45.0,B,CA,H,HISPANIC,48.0,PoliceCar,2016.0,BLUE,LHP,WHI,,,,,,,,,,,,
1841587,974939,3,Driver,,False,False,M,AIR BAG NOT DEPLOYED,G,OCCUPANT LAP SHOULDER HARNESS USED,CELL PHONE NOT IN USE,NONE APPARENT,,S,I-880,65.0,A,STOPPED,A,HAD NOT BEEN DRINKING,,,F,FEMALE,31.0,C,CA,A,ASIAN,1.0,PassengerCarStationWagonJeep,2015.0,HONDA,Civic,WHI,,,,,,,,,,,,
1841586,974939,2,Driver,,False,False,M,AIR BAG NOT DEPLOYED,G,OCCUPANT LAP SHOULDER HARNESS USED,CELL PHONE NOT IN USE,NONE APPARENT,,S,I-880,65.0,A,STOPPED,A,HAD NOT BEEN DRINKING,,,F,FEMALE,28.0,C,CA,A,ASIAN,1.0,PassengerCarStationWagonJeep,2016.0,TOYO,RAV4,SIL,,,,,,,,,,,,
1841585,974939,1,Driver,True,False,False,L,AIR BAG DEPLOYED,G,OCCUPANT LAP SHOULDER HARNESS USED,CELL PHONE NOT IN USE,NONE APPARENT,,S,I-880,65.0,B,PROCEEDING STRAIGHT,A,HAD NOT BEEN DRINKING,,,F,FEMALE,43.0,C,CA,O,OTHER,1.0,PassengerCarStationWagonJeep,2010.0,TOYOTA,Prius,RED,,,,,,,,,,,,
1841555,974923,4,Driver,,False,True,B,UNKNOWN,B,OCCUPANT UNKNOWN,CELL PHONE NOT IN USE,STOP & GO TRAFFIC / NONE APPARENT,,S,I-680,65.0,A,STOPPED,H,NOT APPLICABLE,,,,,,,,,,99.0,OtherUnknownHitAndRunDriver,,UNKNOWN,,,,,,,,,,,,,,
1841554,974923,3,Driver,,False,False,M,AIR BAG NOT DEPLOYED,G,OCCUPANT LAP SHOULDER HARNESS USED,CELL PHONE NOT IN USE,STOP & GO TRAFFIC / NONE APPARENT,,S,I-680,65.0,A,STOPPED,A,HAD NOT BEEN DRINKING,,,M,MALE,29.0,C,CA,A,ASIAN,1.0,PassengerCarStationWagonJeep,2001.0,HOND,Prelude,BLU,,,,,,,,,,,,
1841553,974923,2,Driver,,False,False,M,AIR BAG NOT DEPLOYED,G,OCCUPANT LAP SHOULDER HARNESS USED,CELL PHONE NOT IN USE,STOP & GO TRAFFIC / NONE APPARENT,,S,I-680,65.0,B,PROCEEDING STRAIGHT,A,HAD NOT BEEN DRINKING,,,M,MALE,74.0,C,CA,O,OTHER,1.0,PassengerCarStationWagonJeep,2019.0,MERB,CLA250,WHI,,,,,,,,,,,,
1841552,974923,1,Driver,True,False,False,M,AIR BAG NOT DEPLOYED,G,OCCUPANT LAP SHOULDER HARNESS USED,CELL PHONE NOT IN USE,STOP & GO TRAFFIC / NONE APPARENT,,S,I-680,65.0,B,PROCEEDING STRAIGHT,A,HAD NOT BEEN DRINKING,,,M,MALE,27.0,C,CA,H,HISPANIC,22.0,PickupsAndPanels,2000.0,GMC,Sierra,GLD,,,,,,,,,,,,
1841539,974915,3,Driver,,False,True,B,UNKNOWN,B,OCCUPANT UNKNOWN,CELL PHONE NOT IN USE,NONE APPARENT,,S,I-280,65.0,A,STOPPED,G,IMPAIRMENT_NOT_KNOWN,,,,,,,,,,99.0,OtherUnknownHitAndRunDriver,,,,,,,,,,,,,,,,
1841538,974915,2,Driver,,False,False,M,AIR BAG NOT DEPLOYED,G,OCCUPANT LAP SHOULDER HARNESS USED,CELL PHONE NOT IN USE,NONE APPARENT,,S,I-280,65.0,H,SLOWING/STOPPING,A,HAD NOT BEEN DRINKING,,,M,MALE,37.0,C,CA,W,WHITE,1.0,PassengerCarStationWagonJeep,2010.0,INFI,G37,SIL,,,,,,,,,,,,
1841537,974915,1,Driver,True,False,True,B,UNKNOWN,B,OCCUPANT UNKNOWN,CELL PHONE NOT IN USE,NONE APPARENT,,S,I-280,65.0,B,PROCEEDING STRAIGHT,G,IMPAIRMENT_NOT_KNOWN,,,,,,,,,,99.0,OtherUnknownHitAndRunDriver,,,,,,,,,,,,,,,,
1841411,974854,3,Driver,True,False,False,M,AIR BAG NOT DEPLOYED,G,OCCUPANT LAP SHOULDER HARNESS USED,CELL PHONE NOT IN USE,NONE APPARENT,,N,US101,65.0,B,PROCEEDING STRAIGHT,A,HAD NOT BEEN DRINKING,,,M,MALE,26.0,C,CA,A,ASIAN,1.0,PassengerCarStationWagonJeep,2008.0,NISS,Altima,WHI,,,,,,,,,,,,
1841410,974854,2,Driver,,False,False,M,AIR BAG NOT DEPLOYED,G,OCCUPANT LAP SHOULDER HARNESS USED,CELL PHONE NOT IN USE,NONE APPARENT,,N,US101,65.0,A,STOPPED,A,HAD NOT BEEN DRINKING,,,M,MALE,47.0,C,CA,W,WHITE,1.0,PassengerCarStationWagonJeep,2017.0,SUBA,Crosstrek Turb,BLU,,,,,,,,,,,,
1841409,974854,1,Driver,,False,False,M,AIR BAG NOT DEPLOYED,G,OCCUPANT LAP SHOULDER HARNESS USED,CELL PHONE NOT IN USE,NONE APPARENT,,N,US101,65.0,A,STOPPED,A,HAD NOT BEEN DRINKING,,,M,MALE,65.0,C,CA,W,WHITE,22.0,PickupsAndPanels,2016.0,CHEV,Colorado,WHI,,,,,,,,,,,,
1841084,974684,2,Driver,,False,False,M,AIR BAG NOT DEPLOYED,G,OCCUPANT LAP SHOULDER HARNESS USED,CELL PHONE NOT IN USE,NONE APPARENT,,S,US101,65.0,B,PROCEEDING STRAIGHT,A,HAD NOT BEEN DRINKING,,,F,FEMALE,29.0,C,CA,O,OTHER,1.0,PassengerCarStationWagonJeep,2018.0,TOYT,Camry,BLK,,,,,,,,,,,,
1841083,974684,1,Driver,True,False,False,M,AIR BAG NOT DEPLOYED,G,OCCUPANT LAP SHOULDER HARNESS USED,CELL PHONE NOT IN USE,NONE APPARENT,,S,US101,65.0,B,PROCEEDING STRAIGHT,A,HAD NOT BEEN DRINKING,,,F,FEMALE,68.0,C,CA,B,BLACK,1.0,PassengerCarStationWagonJeep,2009.0,SUBA,Outback,GRY,,,,,,,,,,,,
1841058,974673,3,Driver,,False,False,M,AIR BAG NOT DEPLOYED,G,OCCUPANT LAP SHOULDER HARNESS USED,CELL PHONE NOT IN USE,NONE APPARENT,,N,US-101,65.0,A,STOPPED,A,HAD NOT BEEN DRINKING,,,M,MALE,35.0,C,CA,O,OTHER,1.0,PassengerCarStationWagonJeep,2003.0,MERZ,C230,BLK,,,,,,,,,,,,
1841057,974673,2,Driver,,False,False,M,AIR BAG NOT DEPLOYED,G,OCCUPANT LAP SHOULDER HARNESS USED,CELL PHONE NOT IN USE,NONE APPARENT,,N,US-101,65.0,A,STOPPED,A,HAD NOT BEEN DRINKING,,,M,MALE,54.0,D,CA,W,WHITE,1.0,PassengerCarStationWagonJeep,2007.0,LEXS,ES350,SIL,,,,,,,,,,,,
1841056,974673,1,Driver,True,False,False,L,AIR BAG DEPLOYED,G,OCCUPANT LAP SHOULDER HARNESS USED,CELL PHONE NOT IN USE,NONE APPARENT,,N,US-101,65.0,B,PROCEEDING STRAIGHT,A,HAD NOT BEEN DRINKING,,,M,MALE,30.0,C,CA,W,WHITE,1.0,PassengerCarStationWagonJeep,2016.0,TOYT,Camry,WHI,,,,,,,,,,,,
1841047,974668,3,Driver,,False,False,M,AIR BAG NOT DEPLOYED,G,OCCUPANT LAP SHOULDER HARNESS USED,CELL PHONE NOT IN USE,NONE APPARENT,,S,I-880,65.0,B,PROCEEDING STRAIGHT,A,HAD NOT BEEN DRINKING,,,F,FEMALE,29.0,C,CA,A,ASIAN,1.0,PassengerCarStationWagonJeep,2020.0,HONDA,Civic,BLK,,,,,,,,,,,,
1841046,974668,2,Driver,,False,False,M,AIR BAG NOT DEPLOYED,G,OCCUPANT LAP SHOULDER HARNESS USED,CELL PHONE NOT IN USE,NONE APPARENT,,S,I-880,65.0,B,PROCEEDING STRAIGHT,A,HAD NOT BEEN DRINKING,,,M,MALE,56.0,C,CA,W,WHITE,7.0,SportUtilityVehicle,2005.0,TOYO,Highlander,BLU,,,,,,,,,,,,
1841045,974668,1,Driver,True,False,False,M,AIR BAG NOT DEPLOYED,G,OCCUPANT LAP SHOULDER HARNESS USED,CELL PHONE NOT IN USE,NONE APPARENT,,S,I-880,65.0,J,CHANGING LANES,A,HAD NOT BEEN DRINKING,,,F,FEMALE,30.0,C,CA,O,OTHER,1.0,PassengerCarStationWagonJeep,2018.0,TESL,Model 3,WHI,,,,,,,,,,,,
1840864,974575,2,Driver,,False,False,M,AIR BAG NOT DEPLOYED,G,OCCUPANT LAP SHOULDER HARNESS USED,CELL PHONE NOT IN USE,NONE APPARENT,,W,SR-237,65.0,A,STOPPED,A,HAD NOT BEEN DRINKING,,,M,MALE,55.0,C,CA,W,WHITE,22.0,PickupsAndPanels,2016.0,GMC ,Sierra,WHI,,,,,,,,,,,,
1840863,974575,1,Driver,True,False,False,M,AIR BAG NOT DEPLOYED,G,OCCUPANT LAP SHOULDER HARNESS USED,CELL PHONE NOT IN USE,INATTENTION,OTHER,W,SR-237,65.0,B,PROCEEDING STRAIGHT,A,HAD NOT BEEN DRINKING,,,M,MALE,26.0,C,CA,H,HISPANIC,8.0,MiniVan,2017.0,FORD,Transit Connec,HWI,,,,,,,,,,,,
1840673,974476,2,ParkedVehicle,,False,False,,,,,CELL PHONE USE UNKNOWN,NONE APPARENT,,S,1260 Branham Lane,5.0,O,PARKED,H,NOT APPLICABLE,,,,,,,,,,22.0,PickupsAndPanels,2002.0,CHEV,Silverado,WHI,,,,,,,,,,,,
1840672,974476,1,Driver,True,False,False,M,AIR BAG NOT DEPLOYED,G,OCCUPANT LAP SHOULDER HARNESS USED,CELL PHONE NOT IN USE / CELL PHONE USE UNKNOWN,NONE APPARENT,,E,1260 Branham Lane,5.0,M,OTHER UNSAFE TURNING,A,HAD NOT BEEN DRINKING,,,F,FEMALE,60.0,B,CA,W,WHITE,13.0,SchoolBusPublicTypeI,2018.0,THMS, C2,YEL,,,,,,,,,,,,
1840643,974460,3,Driver,,False,False,M,AIR BAG NOT DEPLOYED,G,OCCUPANT LAP SHOULDER HARNESS USED,CELL PHONE NOT IN USE,NONE APPARENT,,N,US101,65.0,B,PROCEEDING STRAIGHT,A,HAD NOT BEEN DRINKING,,,M,MALE,25.0,C,CA,W,WHITE,1.0,PassengerCarStationWagonJeep,2016.0,TOYO,Prius,BLK,,,,,,,,,,,,
1840642,974460,2,Driver,True,False,False,L,AIR BAG DEPLOYED,G,OCCUPANT LAP SHOULDER HARNESS USED,CELL PHONE NOT IN USE,NONE APPARENT,,N,US101,65.0,M,OTHER UNSAFE TURNING,A,HAD NOT BEEN DRINKING,,,M,MALE,51.0,F,GA,B,BLACK,1.0,PassengerCarStationWagonJeep,2019.0,CHRY,300,WHI,,,,,,,,,,,,
1840641,974460,1,Driver,,False,False,M,AIR BAG NOT DEPLOYED,G,OCCUPANT LAP SHOULDER HARNESS USED,CELL PHONE NOT IN USE,NONE APPARENT,,N,US101,65.0,B,PROCEEDING STRAIGHT,A,HAD NOT BEEN DRINKING,,,F,FEMALE,28.0,C,CA,H,HISPANIC,1.0,PassengerCarStationWagonJeep,2013.0,VOLK,Passat,MAR,,,,,,,,,,,,
1840363,974318,3,Driver,,False,False,M,AIR BAG NOT DEPLOYED,G,OCCUPANT LAP SHOULDER HARNESS USED,CELL PHONE NOT IN USE,NONE APPARENT,,N,I-280,65.0,B,PROCEEDING STRAIGHT,A,HAD NOT BEEN DRINKING,,,M,MALE,26.0,C,CA,A,ASIAN,1.0,PassengerCarStationWagonJeep,2005.0,LEXS,ES330,SIL,,,,,,,,,,,,
1840362,974318,2,Driver,,False,False,M,AIR BAG NOT DEPLOYED,G,OCCUPANT LAP SHOULDER HARNESS USED,CELL PHONE NOT IN USE,NONE APPARENT,,N,I-280,65.0,A,STOPPED,A,HAD NOT BEEN DRINKING,,,F,FEMALE,25.0,C,CA,A,ASIAN,1.0,PassengerCarStationWagonJeep,2014.0,MAZD,ES330,SIL,,,,,,,,,,,,
1840361,974318,1,Driver,True,False,False,L,AIR BAG DEPLOYED,G,OCCUPANT LAP SHOULDER HARNESS USED,CELL PHONE NOT IN USE,NONE APPARENT,,N,I-280,65.0,R,OTHER,A,HAD NOT BEEN DRINKING,,,M,MALE,25.0,C,CA,W,WHITE,7.0,SportUtilityVehicle,2002.0,TOYT,RAV4,BLK,,,,,,,,,,,,
1840351,974312,2,Driver,,False,False,M,AIR BAG NOT DEPLOYED,G,OCCUPANT LAP SHOULDER HARNESS USED,CELL PHONE NOT IN USE,NONE APPARENT,,N,SR-87,65.0,B,PROCEEDING STRAIGHT,A,HAD NOT BEEN DRINKING,,,F,FEMALE,31.0,C,CA,W,WHITE,1.0,PassengerCarStationWagonJeep,2014.0,FORD,Fusion,BLK,,,,,,,,,,,,
1840350,974312,1,Driver,True,False,False,M,AIR BAG NOT DEPLOYED,G,OCCUPANT LAP SHOULDER HARNESS USED,CELL PHONE NOT IN USE,NONE APPARENT,,N,SR-87,65.0,B,PROCEEDING STRAIGHT,A,HAD NOT BEEN DRINKING,,,M,MALE,31.0,C,CA,A,ASIAN,1.0,PassengerCarStationWagonJeep,2018.0,NISS,Versa,SIL,,,,,,,,,,,,
1840329,974301,2,Driver,,False,False,M,AIR BAG NOT DEPLOYED,G,OCCUPANT LAP SHOULDER HARNESS USED,CELL PHONE NOT IN USE,NONE APPARENT,,S,I-280,65.0,B,PROCEEDING STRAIGHT,A,HAD NOT BEEN DRINKING,,,M,MALE,17.0,C,CA,W,WHITE,1.0,PassengerCarStationWagonJeep,2010.0,TOYO,Camry,GRN,,,,,,,,,,,,
1840328,974301,1,Driver,True,False,True,B,UNKNOWN,B,OCCUPANT UNKNOWN,CELL PHONE NOT IN USE,NONE APPARENT,,S,I-280,65.0,B,PROCEEDING STRAIGHT,G,IMPAIRMENT_NOT_KNOWN,,,,,,,,,,99.0,OtherUnknownHitAndRunDriver,,,,,,,,,,,,,,,,
1840313,974293,2,Driver,,False,False,M,AIR BAG NOT DEPLOYED,G,OCCUPANT LAP SHOULDER HARNESS USED,CELL PHONE NOT IN USE,NONE APPARENT,,S,I-880,65.0,B,PROCEEDING STRAIGHT,A,HAD NOT BEEN DRINKING,,,M,MALE,39.0,C,CA,O,OTHER,1.0,PassengerCarStationWagonJeep,2017.0,MERZ,SL 500,WHI,,,,,,,,,,,,
1840312,974293,1,Driver,True,False,True,B,UNKNOWN,B,OCCUPANT UNKNOWN,CELL PHONE NOT IN USE,NONE APPARENT,,S,I-880,,R,OTHER,G,IMPAIRMENT_NOT_KNOWN,,,,,,,,,,99.0,OtherUnknownHitAndRunDriver,,,UNKNOWN,,,,,,,,,,,,,