PartyId,CollisionId,PartyNumber,PartyType,IsAtFault,IsOnDutyEmergencyVehicle,IsHitAndRun,AirbagCode,AirbagDescription,SafetyEquipmentCode,SafetyEquipmentDescription,Special Information,Other Associate Factor,Inattention,DirectionOfTravel,StreetOrHighwayName,SpeedLimit,MovementPrecCollCode,MovementPrecCollDescription,SobrietyDrugPhysicalCode1,SobrietyDrugPhysicalDescription1,SobrietyDrugPhysicalCode2,SobrietyDrugPhysicalDescription2,GenderCode,GenderDescription,StatedAge,DriverLicenseClass,DriverLicenseStateCode,RaceCode,RaceDesc,Vehicle1TypeId, Vehicle1TypeDesc, Vehicle1Year,Vehicle1Make,Vehicle1Model,Vehicle1Color,V1IsVehicleTowed,Vehicle2TypeId, Vehicle2TypeDesc, Vehicle2Year,Vehicle2Make,Vehicle2Model,Vehicle2Color,V2IsVehicleTowed,Lane,ThruLanes,TotalLanes,IsDREConducted
2059983,1089159,1,Driver,True,False,False,L,AIR BAG DEPLOYED,G,OCCUPANT LAP SHOULDER HARNESS USED,CELL PHONE NOT IN USE,NONE APPARENT,,N,I-280,65.0,H,SLOWING/STOPPING,A,HAD NOT BEEN DRINKING,,,F,FEMALE,57.0,C,CA,W,WHITE,7.0,SportUtilityVehicle,2013.0,LNDR,Range Rover,BLK,,,,,,,,,,,,
2059451,1088884,2,Driver,,False,False,M,AIR BAG NOT DEPLOYED,G,OCCUPANT LAP SHOULDER HARNESS USED,CELL PHONE NOT IN USE,NONE APPARENT,,S,I-880,65.0,A,STOPPED,A,HAD NOT BEEN DRINKING,,,F,FEMALE,67.0,C,CA,W,WHITE,1.0,PassengerCarStationWagonJeep,2019.0,FORD,FIESTA,BLK,,,,,,,,,,,,
2059450,1088884,1,Driver,True,False,True,B,UNKNOWN,B,OCCUPANT UNKNOWN,CELL PHONE NOT IN USE,NONE APPARENT,,S,I-880,65.0,G,BACKING,G,IMPAIRMENT_NOT_KNOWN,,,,,,,,,,99.0,OtherUnknownHitAndRunDriver,,,,,,,,,,,,,,,,
2058842,1088580,1,Driver,True,False,False,M,AIR BAG NOT DEPLOYED,G,OCCUPANT LAP SHOULDER HARNESS USED,CELL PHONE NOT IN USE,ENTERING OR LEAVING RAMP,,N,SR-17 N/B TO I-280,65.0,R,OTHER,A,HAD NOT BEEN DRINKING,,,M,MALE,62.0,C,CA,W,WHITE,1.0,PassengerCarStationWagonJeep,2003.0,STRN,Ion,WHT,,,,,,,,,,,,
2058820,1088568,2,Driver,,False,False,M,AIR BAG NOT DEPLOYED,G,OCCUPANT LAP SHOULDER HARNESS USED,CELL PHONE NOT IN USE,NONE APPARENT,,S,SR-87,65.0,H,SLOWING/STOPPING,A,HAD NOT BEEN DRINKING,,,F,FEMALE,32.0,C,CA,A,ASIAN,1.0,PassengerCarStationWagonJeep,2002.0,HOND,Accord,WHT,,,,,,,,,,,,
2058819,1088568,1,Driver,True,False,False,M,AIR BAG NOT DEPLOYED,G,OCCUPANT LAP SHOULDER HARNESS USED,CELL PHONE NOT IN USE,NONE APPARENT,,S,SR-87,65.0,B,PROCEEDING STRAIGHT,A,HAD NOT BEEN DRINKING,,,M,MALE,,U,CA,B,BLACK,1.0,PassengerCarStationWagonJeep,2000.0,ACUR,TL,GRY,,,,,,,,,,,,
2058354,1088345,2,Driver,,False,False,M,AIR BAG NOT DEPLOYED,G,OCCUPANT LAP SHOULDER HARNESS USED,CELL PHONE NOT IN USE,VC SECTION VIOLATED - 22400(a),,E,MONTAGUE EXpressway,45.0,A,STOPPED,A,HAD NOT BEEN DRINKING,,,F,FEMALE,52.0,C,CA,A,ASIAN,1.0,PassengerCarStationWagonJeep,2013.0,MAZDA,5,SIL,,,,,,,,,,,,
2058353,1088345,1,Driver,True,True,False,P,NOT REQUIRED,W,MOTOR BICYCLE DRIVER WITH HELMET,CELL PHONE NOT IN USE,NONE APPARENT,,E,MONTAGUE EXpressway,45.0,B,PROCEEDING STRAIGHT,A,HAD NOT BEEN DRINKING,,,M,MALE,30.0,M1,CA,W,WHITE,49.0,PoliceMotorcycle,2014.0,HARL,electra glide,BLK/WHI,,,,,,,,,,,,
2058034,1088183,2,Driver,True,False,False,L,AIR BAG DEPLOYED,G,OCCUPANT LAP SHOULDER HARNESS USED,CELL PHONE NOT IN USE,OTHER - REACHING DOWN,,N,SR-87,65.0,B,PROCEEDING STRAIGHT,A,HAD NOT BEEN DRINKING,,,F,FEMALE,27.0,U,CA,W,WHITE,1.0,PassengerCarStationWagonJeep,2015.0,TOYO,Prius,BLU,,,,,,,,,,,,
2058033,1088183,1,Driver,,False,False,M,AIR BAG NOT DEPLOYED,G,OCCUPANT LAP SHOULDER HARNESS USED,CELL PHONE NOT IN USE,NONE APPARENT,,N,SR-87,65.0,H,SLOWING/STOPPING,A,HAD NOT BEEN DRINKING,,,F,FEMALE,38.0,C,CA,W,WHITE,1.0,PassengerCarStationWagonJeep,2018.0,BMW,I5,BLK,,,,,,,,,,,,
2057650,1087990,2,Driver,,False,False,M,AIR BAG NOT DEPLOYED,G,OCCUPANT LAP SHOULDER HARNESS USED,CELL PHONE NOT IN USE,NONE APPARENT,,E,SR-237,65.0,A,STOPPED,A,HAD NOT BEEN DRINKING,,,F,FEMALE,28.0,C,CA,H,HISPANIC,1.0,PassengerCarStationWagonJeep,2012.0,SCIO,TC,WHI,,,,,,,,,,,,
2057649,1087990,1,Driver,True,False,False,M,AIR BAG NOT DEPLOYED,G,OCCUPANT LAP SHOULDER HARNESS USED,CELL PHONE NOT IN USE,NONE APPARENT,,E,SR-237,65.0,B,PROCEEDING STRAIGHT,A,HAD NOT BEEN DRINKING,,,M,MALE,28.0,U,CA,H,HISPANIC,1.0,PassengerCarStationWagonJeep,1997.0,NISSAN,Maxima,MAR,,,,,,,,,,,,
2057431,1087876,3,Driver,,False,False,M,AIR BAG NOT DEPLOYED,G,OCCUPANT LAP SHOULDER HARNESS USED,CELL PHONE NOT IN USE,NONE APPARENT,,S,I-280,65.0,H,SLOWING/STOPPING,A,HAD NOT BEEN DRINKING,,,F,FEMALE,37.0,C,CA,O,OTHER,8.0,MiniVan,2017.0,TOYO,Sienna,SIL,,,,,,,,,,,,
2057430,1087876,2,Driver,,False,False,M,AIR BAG NOT DEPLOYED,G,OCCUPANT LAP SHOULDER HARNESS USED,CELL PHONE NOT IN USE,NONE APPARENT,,S,I-280,65.0,H,SLOWING/STOPPING,A,HAD NOT BEEN DRINKING,,,F,FEMALE,16.0,C,CA,O,OTHER,7.0,SportUtilityVehicle,2013.0,TOYO,RAV4,BLU,,,,,,,,,,,,
2057429,1087876,1,Driver,True,False,False,M,AIR BAG NOT DEPLOYED,G,OCCUPANT LAP SHOULDER HARNESS USED,CELL PHONE NOT IN USE,NONE APPARENT,,S,I-280,65.0,B,PROCEEDING STRAIGHT,A,HAD NOT BEEN DRINKING,,,M,MALE,29.0,C,CA,H,HISPANIC,1.0,PassengerCarStationWagonJeep,2001.0,VOLK,GTI,BLK,,,,,,,,,,,,
2057210,1087765,2,Driver,,False,False,M,AIR BAG NOT DEPLOYED,G,OCCUPANT LAP SHOULDER HARNESS USED,CELL PHONE NOT IN USE,NONE APPARENT,,S,US-101,65.0,A,STOPPED,A,HAD NOT BEEN DRINKING,,,F,FEMALE,51.0,C,CA,A,ASIAN,1.0,PassengerCarStationWagonJeep,2007.0,HOND,Civic,BLU,,,,,,,,,,,,
2057209,1087765,1,Driver,,False,False,M,AIR BAG NOT DEPLOYED,G,OCCUPANT LAP SHOULDER HARNESS USED,CELL PHONE NOT IN USE,NONE APPARENT,,S,US-101,65.0,A,STOPPED,A,HAD NOT BEEN DRINKING,,,F,FEMALE,30.0,C,CA,W,WHITE,1.0,PassengerCarStationWagonJeep,2014.0,VOLK,GTI,GRY,,,,,,,,,,,,
2057125,1087720,2,Driver,,False,False,M,AIR BAG NOT DEPLOYED,G,OCCUPANT LAP SHOULDER HARNESS USED,CELL PHONE NOT IN USE,NONE APPARENT,,N,US-101,65.0,A,STOPPED,A,HAD NOT BEEN DRINKING,,,F,FEMALE,29.0,C,CA,H,HISPANIC,7.0,SportUtilityVehicle,2019.0,HONDA,Passport,BLK,,,,,,,,,,,,
2057124,1087720,1,Driver,True,False,True,B,UNKNOWN,B,OCCUPANT UNKNOWN,CELL PHONE NOT IN USE,NONE APPARENT,,N,US-101,65.0,B,PROCEEDING STRAIGHT,A,HAD NOT BEEN DRINKING,,,,,,,,,,99.0,OtherUnknownHitAndRunDriver,,,,,,,,,,,,,,,,
2056546,1087430,1,Driver,True,False,False,M,AIR BAG NOT DEPLOYED,G,OCCUPANT LAP SHOULDER HARNESS USED,CELL PHONE NOT IN USE,NONE APPARENT,,N,SR-17,55.0,B,PROCEEDING STRAIGHT,A,HAD NOT BEEN DRINKING,,,M,MALE,78.0,A,CA,W,WHITE,24.0,ThreeAxleTankTruck,2007.0,PTRB,379,SIL,,32.0,PullTrailer,2007.0,BEAL,TRL,SIL,,,,,
2056543,1087428,1,Driver,True,False,False,M,AIR BAG NOT DEPLOYED,G,OCCUPANT LAP SHOULDER HARNESS USED,CELL PHONE NOT IN USE,NONE APPARENT,,S,I-880,65.0,R,OTHER,A,HAD NOT BEEN DRINKING,,,F,FEMALE,41.0,C,CA,A,ASIAN,1.0,PassengerCarStationWagonJeep,2017.0,CHEV,BOLT,GRY,,,,,,,,,,,,
2056541,1087426,2,ParkedVehicle,,False,,,,,,,NONE APPARENT,,N,US101,65.0,O,PARKED,H,NOT APPLICABLE,,,,,,,,,,1.0,PassengerCarStationWagonJeep,1993.0,HOND,Civic,BLK,,,,,,,,,,,,
2056540,1087426,1,Driver,True,False,False,L,AIR BAG DEPLOYED,G,OCCUPANT LAP SHOULDER HARNESS USED,CELL PHONE NOT IN USE,NONE APPARENT,,N,US101,65.0,R,OTHER,A,HAD NOT BEEN DRINKING,,,M,MALE,18.0,U,CA,H,HISPANIC,1.0,PassengerCarStationWagonJeep,2000.0,HONDA,Civic,RED,,,,,,,,,,,,
2056445,1087378,2,Driver,,False,False,M,AIR BAG NOT DEPLOYED,G,OCCUPANT LAP SHOULDER HARNESS USED,CELL PHONE NOT IN USE,NONE APPARENT,,N,US101,65.0,B,PROCEEDING STRAIGHT,A,HAD NOT BEEN DRINKING,,,M,MALE,46.0,C,CA,H,HISPANIC,8.0,MiniVan,2003.0,MAZDA,MPV,BLU,,,,,,,,,,,,
2056444,1087378,1,Driver,True,False,False,M,AIR BAG NOT DEPLOYED,G,OCCUPANT LAP SHOULDER HARNESS USED,CELL PHONE NOT IN USE,NONE APPARENT,,N,US101,65.0,J,CHANGING LANES,A,HAD NOT BEEN DRINKING,,,F,FEMALE,69.0,C,CA,A,ASIAN,1.0,PassengerCarStationWagonJeep,2011.0,TOYO,Corolla,GRY,,,,,,,,,,,,
2056378,1087344,2,Driver,,False,False,M,AIR BAG NOT DEPLOYED,G,OCCUPANT LAP SHOULDER HARNESS USED,CELL PHONE NOT IN USE,ENTERING OR LEAVING RAMP,,S,I-880,65.0,H,SLOWING/STOPPING,A,HAD NOT BEEN DRINKING,,,M,MALE,35.0,C,CA,O,OTHER,7.0,SportUtilityVehicle,2017.0,HONDA,CRV,RED,,,,,,,,,,,,
2056377,1087344,1,Driver,True,False,False,M,AIR BAG NOT DEPLOYED,G,OCCUPANT LAP SHOULDER HARNESS USED,CELL PHONE NOT IN USE,ENTERING OR LEAVING RAMP,,S,I-880,65.0,B,PROCEEDING STRAIGHT,A,HAD NOT BEEN DRINKING,,,M,MALE,35.0,U,CA,H,HISPANIC,7.0,SportUtilityVehicle,2011.0,CADI,Escalade,BLK,,,,,,,,,,,,
2056277,1087296,1,Driver,True,False,False,L,AIR BAG DEPLOYED,G,OCCUPANT LAP SHOULDER HARNESS USED,CELL PHONE NOT IN USE,NONE APPARENT,,S,I-680,65.0,R,OTHER,A,HAD NOT BEEN DRINKING,,,M,MALE,61.0,C,CA,W,WHITE,1.0,PassengerCarStationWagonJeep,1997.0,LINC,Town Car,SIL,,,,,,,,,,,,
2056212,1087260,2,ParkedVehicle,,False,,,,,,,NONE APPARENT,,W,Alum Rock Ave,35.0,O,PARKED,H,NOT APPLICABLE,,,,,,,,,,22.0,PickupsAndPanels,2004.0,CHEV,Silverado,SIL,,,,,,,,,,,,
2056211,1087260,1,Driver,True,False,False,L,AIR BAG DEPLOYED,G,OCCUPANT LAP SHOULDER HARNESS USED,CELL PHONE NOT IN USE,VC SECTION VIOLATED - 22107 / NONE APPARENT,,E,ALUM ROCK AVENUE,35.0,R,OTHER,B,HBD-UNDER INFLUENCE,,,M,MALE,28.0,,,H,HISPANIC,1.0,PassengerCarStationWagonJeep,2009.0,TOYT,Camry,SIL,,,,,,,,,,,,
2056085,1087188,2,Driver,,False,False,M,AIR BAG NOT DEPLOYED,G,OCCUPANT LAP SHOULDER HARNESS USED,CELL PHONE NOT IN USE,NONE APPARENT,,S,I-880,65.0,H,SLOWING/STOPPING,A,HAD NOT BEEN DRINKING,,,M,MALE,61.0,C,CA,W,WHITE,7.0,SportUtilityVehicle,2020.0,KIA,Sorento,WHI,,,,,,,,,,,,
2056084,1087188,1,Driver,True,False,False,M,AIR BAG NOT DEPLOYED,G,OCCUPANT LAP SHOULDER HARNESS USED,CELL PHONE NOT IN USE,NONE APPARENT,,S,I-880,65.0,B,PROCEEDING STRAIGHT,A,HAD NOT BEEN DRINKING,,,M,MALE,37.0,C,CA,W,WHITE,1.0,PassengerCarStationWagonJeep,2007.0,TOYO,Corolla,RED,,,,,,,,,,,,
2056077,1087184,1,Driver,True,False,False,L,AIR BAG DEPLOYED,G,OCCUPANT LAP SHOULDER HARNESS USED,CELL PHONE NOT IN USE,ENTERING OR LEAVING RAMP,,S,I-880,65.0,R,OTHER,A,HAD NOT BEEN DRINKING,,,M,MALE,61.0,C,CA,O,OTHER,1.0,PassengerCarStationWagonJeep,2012.0,NISS,Altima,SIL,,,,,,,,,,,,
2056050,1087170,2,Driver,,False,False,M,AIR BAG NOT DEPLOYED,G,OCCUPANT LAP SHOULDER HARNESS USED,CELL PHONE NOT IN USE,NONE APPARENT,,N,US-101,65.0,H,SLOWING/STOPPING,A,HAD NOT BEEN DRINKING,,,F,FEMALE,25.0,C,CA,W,WHITE,8.0,MiniVan,2000.0,HOND,Odyssey,GLD,,,,,,,,,,,,
2056049,1087170,1,Driver,True,False,True,B,UNKNOWN,B,OCCUPANT UNKNOWN,CELL PHONE NOT IN USE,NONE APPARENT,,N,US-101,65.0,B,PROCEEDING STRAIGHT,G,IMPAIRMENT_NOT_KNOWN,,,,,,,,,,99.0,OtherUnknownHitAndRunDriver,,,,,,,,,,,,,,,,
2056045,1087167,1,Driver,True,False,True,M,AIR BAG NOT DEPLOYED,B,OCCUPANT UNKNOWN,CELL PHONE NOT IN USE,NONE APPARENT,,N,US101,65.0,R,OTHER,G,IMPAIRMENT_NOT_KNOWN,,,,,,,,,,1.0,PassengerCarStationWagonJeep,1995.0,BMW,740i,BLK,,,,,,,,,,,,
2055970,1087126,1,Driver,True,False,False,M,AIR BAG NOT DEPLOYED,G,OCCUPANT LAP SHOULDER HARNESS USED,CELL PHONE NOT IN USE,NONE APPARENT,,E,San Felipe Rd,55.0,C,RAN OFF ROAD,A,HAD NOT BEEN DRINKING,,,M,MALE,56.0,C,CA,W,WHITE,1.0,PassengerCarStationWagonJeep,1997.0,PORS,911,WHI,,,,,,,,,,,,
2055958,1087121,2,Driver,,False,False,M,AIR BAG NOT DEPLOYED,G,OCCUPANT LAP SHOULDER HARNESS USED,CELL PHONE NOT IN USE,NONE APPARENT,,W,SR-237,65.0,A,STOPPED,A,HAD NOT BEEN DRINKING,,,M,MALE,55.0,C,CA,A,ASIAN,1.0,PassengerCarStationWagonJeep,2017.0,TOYO,Prius,SIL,,,,,,,,,,,,
2055957,1087121,1,Driver,True,False,False,M,AIR BAG NOT DEPLOYED,G,OCCUPANT LAP SHOULDER HARNESS USED,CELL PHONE NOT IN USE,NONE APPARENT,,W,SR-237,65.0,B,PROCEEDING STRAIGHT,A,HAD NOT BEEN DRINKING,,,M,MALE,26.0,C,CA,O,OTHER,1.0,PassengerCarStationWagonJeep,2010.0,HONDA,Accord,BLK,,,,,,,,,,,,
2055889,1087081,2,Driver,,False,False,M,AIR BAG NOT DEPLOYED,G,OCCUPANT LAP SHOULDER HARNESS USED,CELL PHONE NOT IN USE,ENTERING OR LEAVING RAMP,,S,US-101 S/B,65.0,A,STOPPED,A,HAD NOT BEEN DRINKING,,,F,FEMALE,69.0,C,CA,A,ASIAN,1.0,PassengerCarStationWagonJeep,2014.0,HONDA,Accord,SIL,,,,,,,,,,,,
2055888,1087081,1,Driver,True,False,False,M,AIR BAG NOT DEPLOYED,G,OCCUPANT LAP SHOULDER HARNESS USED,CELL PHONE NOT IN USE,ENTERING OR LEAVING RAMP,,S,US-101 S/B,65.0,B,PROCEEDING STRAIGHT,A,HAD NOT BEEN DRINKING,,,M,MALE,46.0,C,CA,A,ASIAN,7.0,SportUtilityVehicle,2015.0,NISSAN,Rogue,RED,,,,,,,,,,,,
2055467,1086875,2,Driver,,False,False,M,AIR BAG NOT DEPLOYED,G,OCCUPANT LAP SHOULDER HARNESS USED,CELL PHONE NOT IN USE,NONE APPARENT,,N,I-880,65.0,A,STOPPED,A,HAD NOT BEEN DRINKING,,,M,MALE,13.0,C,CA,O,OTHER,1.0,PassengerCarStationWagonJeep,2014.0,MAZD,Mazda3,RED,,,,,,,,,,,,
2055466,1086875,1,Driver,True,False,False,M,AIR BAG NOT DEPLOYED,G,OCCUPANT LAP SHOULDER HARNESS USED,CELL PHONE NOT IN USE,NONE APPARENT,,N,I-880,65.0,B,PROCEEDING STRAIGHT,A,HAD NOT BEEN DRINKING,,,M,MALE,65.0,F,CT,W,WHITE,1.0,PassengerCarStationWagonJeep,2019.0,VOLVO,S90,BLK,,,,,,,,,,,,
2055197,1086736,1,Driver,,False,False,M,AIR BAG NOT DEPLOYED,G,OCCUPANT LAP SHOULDER HARNESS USED,CELL PHONE NOT IN USE,NONE APPARENT,,N,US-101,65.0,B,PROCEEDING STRAIGHT,A,HAD NOT BEEN DRINKING,,,F,FEMALE,49.0,C,CA,W,WHITE,1.0,PassengerCarStationWagonJeep,2019.0,MERB,E53,BLK,,,,,,,,,,,,
2054964,1086615,1,Driver,True,False,False,M,AIR BAG NOT DEPLOYED,G,OCCUPANT LAP SHOULDER HARNESS USED,CELL PHONE NOT IN USE,VC SECTION VIOLATED - 22107,,S,US101,65.0,R,OTHER,B,HBD-UNDER INFLUENCE,,,F,FEMALE,23.0,,,H,HISPANIC,1.0,PassengerCarStationWagonJeep,2018.0,NISSAN,Sentra,GRY,,,,,,,,,,,,
2054910,1086584,2,Driver,,False,False,M,AIR BAG NOT DEPLOYED,G,OCCUPANT LAP SHOULDER HARNESS USED,CELL PHONE NOT IN USE,NONE APPARENT,,N,US-101,65.0,A,STOPPED,A,HAD NOT BEEN DRINKING,,,F,FEMALE,29.0,C,CA,A,ASIAN,1.0,PassengerCarStationWagonJeep,2013.0,LEXUS,IS250,BLK,,,,,,,,,,,,
2054909,1086584,1,Driver,True,False,False,M,AIR BAG NOT DEPLOYED,G,OCCUPANT LAP SHOULDER HARNESS USED,CELL PHONE NOT IN USE,NONE APPARENT,,N,US-101,65.0,B,PROCEEDING STRAIGHT,A,HAD NOT BEEN DRINKING,,,M,MALE,66.0,C,CA,O,OTHER,1.0,PassengerCarStationWagonJeep,1999.0,HONDA,Accord,SIL,,,,,,,,,,,,
2054838,1086547,3,Driver,,False,False,M,AIR BAG NOT DEPLOYED,G,OCCUPANT LAP SHOULDER HARNESS USED,CELL PHONE NOT IN USE,NONE APPARENT,,N,I-280,65.0,A,STOPPED,A,HAD NOT BEEN DRINKING,,,M,MALE,49.0,C,CA,H,HISPANIC,1.0,PassengerCarStationWagonJeep,2003.0,ACURA,RSX,BLU,,,,,,,,,,,,
2054837,1086547,2,Driver,,False,False,M,AIR BAG NOT DEPLOYED,G,OCCUPANT LAP SHOULDER HARNESS USED,CELL PHONE NOT IN USE,NONE APPARENT,,N,I-280,65.0,B,PROCEEDING STRAIGHT,A,HAD NOT BEEN DRINKING,,,F,FEMALE,40.0,C,CA,A,ASIAN,1.0,PassengerCarStationWagonJeep,2019.0,SUBA,Outback,BLU,,,,,,,,,,,,
2054836,1086547,1,Driver,True,False,False,M,AIR BAG NOT DEPLOYED,G,OCCUPANT LAP SHOULDER HARNESS USED,CELL PHONE NOT IN USE,VC SECTION VIOLATED - 21651(b),,N,I-280,65.0,Q,TRAVELLING WRONG WAY,B,HBD-UNDER INFLUENCE,,,M,MALE,29.0,C,CA,H,HISPANIC,1.0,PassengerCarStationWagonJeep,2006.0,ACURA,RL,WHT,,,,,,,,,,,,
2054787,1086521,1,Driver,True,False,False,L,AIR BAG DEPLOYED,G,OCCUPANT LAP SHOULDER HARNESS USED,CELL PHONE HANDSFREE IN USE,ENTERING OR LEAVING RAMP,,N,I-280,65.0,R,OTHER,A,HAD NOT BEEN DRINKING,,,F,FEMALE,30.0,C,CA,W,WHITE,1.0,PassengerCarStationWagonJeep,2007.0,HOND,Accord,GRY,,,,,,,,,,,,
2054739,1086495,2,Driver,,False,False,M,AIR BAG NOT DEPLOYED,G,OCCUPANT LAP SHOULDER HARNESS USED,CELL PHONE NOT IN USE,NONE APPARENT,,N,SR-87,65.0,B,PROCEEDING STRAIGHT,A,HAD NOT BEEN DRINKING,,,M,MALE,52.0,C,CA,A,ASIAN,7.0,SportUtilityVehicle,2015.0,HONDA,Pilot,SIL,,,,,,,,,,,,
2054738,1086495,1,Driver,True,False,True,B,UNKNOWN,B,OCCUPANT UNKNOWN,CELL PHONE NOT IN USE,NONE APPARENT,,N,SR-87,65.0,B,PROCEEDING STRAIGHT,G,IMPAIRMENT_NOT_KNOWN,,,,,,,,,,99.0,OtherUnknownHitAndRunDriver,,UNKNOWN,,,,,,,,,,,,,,
2054459,1086363,2,Driver,,False,False,M,AIR BAG NOT DEPLOYED,G,OCCUPANT LAP SHOULDER HARNESS USED,CELL PHONE NOT IN USE,NONE APPARENT,,N,US-101,65.0,B,PROCEEDING STRAIGHT,A,HAD NOT BEEN DRINKING,,,M,MALE,45.0,C,CA,H,HISPANIC,1.0,PassengerCarStationWagonJeep,2001.0,HONDA,Accord,BE,,,,,,,,,,,,
2054458,1086363,1,Driver,True,False,False,M,AIR BAG NOT DEPLOYED,G,OCCUPANT LAP SHOULDER HARNESS USED,CELL PHONE NOT IN USE,VC SECTION VIOLATED - 21658(a),,N,US-101,65.0,J,CHANGING LANES,B,HBD-UNDER INFLUENCE,,,M,MALE,27.0,C,CA,H,HISPANIC,1.0,PassengerCarStationWagonJeep,2018.0,CHEV,Camaro,BLU,,,,,,,,,,,,
2054388,1086326,3,Driver,,False,False,M,AIR BAG NOT DEPLOYED,G,OCCUPANT LAP SHOULDER HARNESS USED,CELL PHONE NOT IN USE,NONE APPARENT,,N,SR-85,65.0,H,SLOWING/STOPPING,A,HAD NOT BEEN DRINKING,,,F,FEMALE,54.0,C,CA,W,WHITE,1.0,PassengerCarStationWagonJeep,2013.0,VOLK,Beattle,BLU,,,,,,,,,,,,
2054387,1086326,2,Driver,,False,False,M,AIR BAG NOT DEPLOYED,G,OCCUPANT LAP SHOULDER HARNESS USED,CELL PHONE NOT IN USE,NONE APPARENT,,N,SR-85,65.0,A,STOPPED,A,HAD NOT BEEN DRINKING,,,M,MALE,46.0,B,CA,B,BLACK,1.0,PassengerCarStationWagonJeep,2018.0,HYUN,Geniss,SIL,,,,,,,,,,,,
2054386,1086326,1,Driver,True,False,False,M,AIR BAG NOT DEPLOYED,G,OCCUPANT LAP SHOULDER HARNESS USED,CELL PHONE NOT IN USE,NONE APPARENT,,N,SR-85,65.0,B,PROCEEDING STRAIGHT,A,HAD NOT BEEN DRINKING,,,F,FEMALE,58.0,C,CA,A,ASIAN,8.0,MiniVan,2000.0,CHRY,Town and Count,GRN,,,,,,,,,,,,
2054364,1086314,2,Driver,,False,False,M,AIR BAG NOT DEPLOYED,G,OCCUPANT LAP SHOULDER HARNESS USED,CELL PHONE NOT IN USE,NONE APPARENT,,S,I-280,65.0,A,STOPPED,A,HAD NOT BEEN DRINKING,,,M,MALE,60.0,C,CA,H,HISPANIC,22.0,PickupsAndPanels,2013.0,TOYO,Tundra,BLK,,,,,,,,,,,,
2054363,1086314,1,Driver,True,False,False,M,AIR BAG NOT DEPLOYED,G,OCCUPANT LAP SHOULDER HARNESS USED,CELL PHONE NOT IN USE,NONE APPARENT,,S,I-280,65.0,B,PROCEEDING STRAIGHT,A,HAD NOT BEEN DRINKING,,,M,MALE,25.0,C,CA,W,WHITE,1.0,PassengerCarStationWagonJeep,2018.0,DODGE,Charger,GRY,,,,,,,,,,,,
2054360,1086312,2,Driver,,False,False,M,AIR BAG NOT DEPLOYED,G,OCCUPANT LAP SHOULDER HARNESS USED,CELL PHONE NOT IN USE,NONE APPARENT,,S,I-280 S/B,65.0,B,PROCEEDING STRAIGHT,A,HAD NOT BEEN DRINKING,,,F,FEMALE,48.0,C,CA,H,HISPANIC,1.0,PassengerCarStationWagonJeep,2007.0,FORD,Focus,GRY,,,,,,,,,,,,
2054359,1086312,1,Driver,True,False,False,L,AIR BAG DEPLOYED,G,OCCUPANT LAP SHOULDER HARNESS USED,CELL PHONE NOT IN USE,NONE APPARENT,,S,I-280 S/B,65.0,R,OTHER,A,HAD NOT BEEN DRINKING,,,M,MALE,32.0,C,CA,A,ASIAN,7.0,SportUtilityVehicle,2007.0,TOYO,Highlander,BLU,,,,,,,,,,,,
2054280,1086273,2,Driver,,False,False,M,AIR BAG NOT DEPLOYED,G,OCCUPANT LAP SHOULDER HARNESS USED,CELL PHONE NOT IN USE,ENTERING OR LEAVING RAMP,,N,US-101 FROM YERBA BUENA RD,65.0,H,SLOWING/STOPPING,A,HAD NOT BEEN DRINKING,,,F,FEMALE,53.0,C,CA,A,ASIAN,1.0,PassengerCarStationWagonJeep,2011.0,HONDA,Accord,SIL,,,,,,,,,,,,
2054279,1086273,1,Driver,True,False,True,B,UNKNOWN,B,OCCUPANT UNKNOWN,CELL PHONE NOT IN USE,ENTERING OR LEAVING RAMP,,N,US-101 FROM YERBA BUENA RD,65.0,B,PROCEEDING STRAIGHT,D,HBD-IMPAIRMENT UNKNOWN,,,,,,,,,,99.0,OtherUnknownHitAndRunDriver,,UNK,,,,,,,,,,,,,,
2054258,1086260,1,Driver,True,False,False,L,AIR BAG DEPLOYED,G,OCCUPANT LAP SHOULDER HARNESS USED,CELL PHONE NOT IN USE,ENTERING OR LEAVING RAMP,,S,I-680 ,65.0,R,OTHER,A,HAD NOT BEEN DRINKING,,,M,MALE,51.0,U,CA,H,HISPANIC,1.0,PassengerCarStationWagonJeep,2005.0,TOYO,TC,RED,,,,,,,,,,,,
2054247,1086255,2,Driver,,False,False,M,AIR BAG NOT DEPLOYED,G,OCCUPANT LAP SHOULDER HARNESS USED,CELL PHONE NOT IN USE,NONE APPARENT,,S,I-880,65.0,B,PROCEEDING STRAIGHT,A,HAD NOT BEEN DRINKING,,,M,MALE,41.0,C,CA,O,OTHER,7.0,SportUtilityVehicle,2016.0,HONDA,CRV,GRY,,,,,,,,,,,,