PartyId,CollisionId,PartyNumber,PartyType,IsAtFault,IsOnDutyEmergencyVehicle,IsHitAndRun,AirbagCode,AirbagDescription,SafetyEquipmentCode,SafetyEquipmentDescription,Special Information,Other Associate Factor,Inattention,DirectionOfTravel,StreetOrHighwayName,SpeedLimit,MovementPrecCollCode,MovementPrecCollDescription,SobrietyDrugPhysicalCode1,SobrietyDrugPhysicalDescription1,SobrietyDrugPhysicalCode2,SobrietyDrugPhysicalDescription2,GenderCode,GenderDescription,StatedAge,DriverLicenseClass,DriverLicenseStateCode,RaceCode,RaceDesc,Vehicle1TypeId, Vehicle1TypeDesc, Vehicle1Year,Vehicle1Make,Vehicle1Model,Vehicle1Color,V1IsVehicleTowed,Vehicle2TypeId, Vehicle2TypeDesc, Vehicle2Year,Vehicle2Make,Vehicle2Model,Vehicle2Color,V2IsVehicleTowed,Lane,ThruLanes,TotalLanes,IsDREConducted
2067292,1092872,1,Driver,True,False,False,M,AIR BAG NOT DEPLOYED,G,OCCUPANT LAP SHOULDER HARNESS USED,CELL PHONE NOT IN USE,NONE APPARENT,,N,US101 N/B,65.0,B,PROCEEDING STRAIGHT,A,HAD NOT BEEN DRINKING,,,M,MALE,45.0,,,H,HISPANIC,1.0,PassengerCarStationWagonJeep,2007.0,CHEV,Impala,BLU,,,,,,,,,,,,
2067230,1092841,2,Driver,,False,False,M,AIR BAG NOT DEPLOYED,G,OCCUPANT LAP SHOULDER HARNESS USED,CELL PHONE NOT IN USE,STOP & GO TRAFFIC,,S,US101,65.0,H,SLOWING/STOPPING,A,HAD NOT BEEN DRINKING,,,F,FEMALE,35.0,C,CA,A,ASIAN,7.0,SportUtilityVehicle,2018.0,HONDA,CR-V,GRY,,,,,,,,,,,,
2067229,1092841,1,Driver,True,False,False,M,AIR BAG NOT DEPLOYED,G,OCCUPANT LAP SHOULDER HARNESS USED,CELL PHONE NOT IN USE,STOP & GO TRAFFIC,,S,US101,65.0,B,PROCEEDING STRAIGHT,A,HAD NOT BEEN DRINKING,,,F,FEMALE,45.0,C,CA,A,ASIAN,1.0,PassengerCarStationWagonJeep,2005.0,TOYO,Prius,BLK,,,,,,,,,,,,
2067194,1092822,2,Driver,,False,False,M,AIR BAG NOT DEPLOYED,G,OCCUPANT LAP SHOULDER HARNESS USED,CELL PHONE NOT IN USE,STOP & GO TRAFFIC,,S,US101,65.0,H,SLOWING/STOPPING,A,HAD NOT BEEN DRINKING,,,F,FEMALE,21.0,C,CA,H,HISPANIC,1.0,PassengerCarStationWagonJeep,2015.0,DODGE,Dart,SIL,,,,,,,,,,,,
2067193,1092822,1,Driver,True,False,False,M,AIR BAG NOT DEPLOYED,G,OCCUPANT LAP SHOULDER HARNESS USED,CELL PHONE NOT IN USE,STOP & GO TRAFFIC,,S,US101,65.0,B,PROCEEDING STRAIGHT,A,HAD NOT BEEN DRINKING,,,M,MALE,44.0,C,CA,A,ASIAN,1.0,PassengerCarStationWagonJeep,2009.0,ACURA,TL,BLK,,,,,,,,,,,,
2066851,1092657,2,Driver,,False,False,M,AIR BAG NOT DEPLOYED,G,OCCUPANT LAP SHOULDER HARNESS USED,CELL PHONE NOT IN USE,NONE APPARENT,,S,SR-87,65.0,H,SLOWING/STOPPING,A,HAD NOT BEEN DRINKING,,,F,FEMALE,14.0,C,CA,W,WHITE,1.0,PassengerCarStationWagonJeep,2009.0,PONT,G6,BLU,,,,,,,,,,,,
2066850,1092657,1,Driver,True,False,False,M,AIR BAG NOT DEPLOYED,G,OCCUPANT LAP SHOULDER HARNESS USED,CELL PHONE NOT IN USE,NONE APPARENT,,S,SR-87,65.0,H,SLOWING/STOPPING,A,HAD NOT BEEN DRINKING,,,M,MALE,,C,CA,A,ASIAN,1.0,PassengerCarStationWagonJeep,2018.0,CHEV,BOLT,GRY,,,,,,,,,,,,
2066691,1092576,5,ParkedVehicle,,False,False,P,NOT REQUIRED,P,NOT REQUIRED,CELL PHONE NOT IN USE,NONE APPARENT,,N,300 E GISH RD.,,O,PARKED,H,NOT APPLICABLE,,,,,,,,,,8.0,MiniVan,2000.0,TOYO,Sienna,BGE,,,,,,,,,,,,
2066690,1092576,4,ParkedVehicle,,False,False,P,NOT REQUIRED,P,NOT REQUIRED,CELL PHONE NOT IN USE,NONE APPARENT,,S,300 E GISH RD.,,O,PARKED,H,NOT APPLICABLE,,,,,,,,,,1.0,PassengerCarStationWagonJeep,1996.0,HOND,Accord,SIL,,,,,,,,,,,,
2066689,1092576,3,ParkedVehicle,,False,False,P,NOT REQUIRED,P,NOT REQUIRED,CELL PHONE NOT IN USE,NONE APPARENT,,N,300 E GISH RD.,,O,PARKED,H,NOT APPLICABLE,,,,,,,,,,1.0,PassengerCarStationWagonJeep,2001.0,VOLV,V70,SIL,,,,,,,,,,,,
2066688,1092576,2,ParkedVehicle,,False,False,P,NOT REQUIRED,P,NOT REQUIRED,CELL PHONE NOT IN USE,NONE APPARENT,,N,300 E GISH RD. ,,O,PARKED,H,NOT APPLICABLE,,,,,,,,,,1.0,PassengerCarStationWagonJeep,1994.0,MITS,LS,RED,,,,,,,,,,,,
2066687,1092576,1,Driver,True,False,True,B,UNKNOWN,B,OCCUPANT UNKNOWN,CELL PHONE NOT IN USE,NONE APPARENT,,N,US-101,65.0,R,OTHER,G,IMPAIRMENT_NOT_KNOWN,,,,,,,,,,1.0,PassengerCarStationWagonJeep,2005.0,HOND,Accord,SIL,,,,,,,,,,,,
2066547,1092502,1,Driver,True,False,False,L,AIR BAG DEPLOYED,G,OCCUPANT LAP SHOULDER HARNESS USED,CELL PHONE NOT IN USE,NONE APPARENT,,E,SR-237,65.0,B,PROCEEDING STRAIGHT,A,HAD NOT BEEN DRINKING,,,F,FEMALE,46.0,C,CA,W,WHITE,7.0,SportUtilityVehicle,2018.0,FORD,Escape,GRY,,,,,,,,,,,,
2066507,1092481,1,Driver,True,False,False,M,AIR BAG NOT DEPLOYED,G,OCCUPANT LAP SHOULDER HARNESS USED,CELL PHONE NOT IN USE,INATTENTION,OTHER,N,US101,65.0,R,OTHER,A,HAD NOT BEEN DRINKING,,,M,MALE,52.0,C,CA,W,WHITE,22.0,PickupsAndPanels,2004.0,FORD,F-350,BLK,,,,,,,,,,,,
2066497,1092476,2,Driver,,False,False,M,AIR BAG NOT DEPLOYED,G,OCCUPANT LAP SHOULDER HARNESS USED,CELL PHONE NOT IN USE,NONE APPARENT,,S,I-280,65.0,B,PROCEEDING STRAIGHT,G,IMPAIRMENT_NOT_KNOWN,,,M,MALE,65.0,C,CA,H,HISPANIC,22.0,PickupsAndPanels,2001.0,TOYO,Tacoma,SIL,,,,,,,,,,,,
2066496,1092476,1,Driver,True,False,False,M,AIR BAG NOT DEPLOYED,G,OCCUPANT LAP SHOULDER HARNESS USED,CELL PHONE NOT IN USE,NONE APPARENT,,S,I-280,65.0,B,PROCEEDING STRAIGHT,A,HAD NOT BEEN DRINKING,,,M,MALE,56.0,C,CA,,,7.0,SportUtilityVehicle,2013.0,MERZ,ML350,GRY,,,,,,,,,,,,
2066375,1092413,3,Driver,,False,False,M,AIR BAG NOT DEPLOYED,G,OCCUPANT LAP SHOULDER HARNESS USED,CELL PHONE NOT IN USE,NONE APPARENT,,S,US101,65.0,J,CHANGING LANES,A,HAD NOT BEEN DRINKING,,,F,FEMALE,37.0,C,CA,H,HISPANIC,1.0,PassengerCarStationWagonJeep,2007.0,CHEV,Malibu,BLU,,,,,,,,,,,,
2066374,1092413,2,Driver,,False,False,M,AIR BAG NOT DEPLOYED,G,OCCUPANT LAP SHOULDER HARNESS USED,CELL PHONE NOT IN USE,NONE APPARENT,,S,US101,65.0,B,PROCEEDING STRAIGHT,A,HAD NOT BEEN DRINKING,,,M,MALE,65.0,C,CA,A,ASIAN,1.0,PassengerCarStationWagonJeep,2003.0,MERB,E320,TAN,,,,,,,,,,,,
2066373,1092413,1,Driver,True,False,False,P,NOT REQUIRED,W,MOTOR BICYCLE DRIVER WITH HELMET,CELL PHONE NOT IN USE,NONE APPARENT,,S,US101,65.0,B,PROCEEDING STRAIGHT,A,HAD NOT BEEN DRINKING,,,M,MALE,31.0,M1,CA,W,WHITE,2.0,Motorcycle,2013.0,KAWA,EX65OF,BLU,,,,,,,,,,,,
2066045,1092255,3,Driver,,False,False,M,AIR BAG NOT DEPLOYED,G,OCCUPANT LAP SHOULDER HARNESS USED,CELL PHONE NOT IN USE,NONE APPARENT,,S,US-101,65.0,B,PROCEEDING STRAIGHT,A,HAD NOT BEEN DRINKING,,,M,MALE,24.0,C,CA,A,ASIAN,1.0,PassengerCarStationWagonJeep,2007.0,HONDA ,Civic,BLK,,,,,,,,,,,,
2066044,1092255,2,Driver,,False,False,L,AIR BAG DEPLOYED,G,OCCUPANT LAP SHOULDER HARNESS USED,CELL PHONE NOT IN USE,NONE APPARENT,,S,US-101,65.0,B,PROCEEDING STRAIGHT,A,HAD NOT BEEN DRINKING,,,M,MALE,21.0,C,CA,H,HISPANIC,1.0,PassengerCarStationWagonJeep,2007.0,HYUN,Sonata,GOL,,,,,,,,,,,,
2066043,1092255,1,Driver,True,False,True,B,UNKNOWN,B,OCCUPANT UNKNOWN,CELL PHONE NOT IN USE,NONE APPARENT,,S,US-101,65.0,R,OTHER,D,HBD-IMPAIRMENT UNKNOWN,,,,,,,,,,99.0,OtherUnknownHitAndRunDriver,,,,,,,,,,,,,,,,
2066021,1092242,2,Driver,,False,False,M,AIR BAG NOT DEPLOYED,G,OCCUPANT LAP SHOULDER HARNESS USED,CELL PHONE NOT IN USE,NONE APPARENT,,S,SR-85,65.0,B,PROCEEDING STRAIGHT,A,HAD NOT BEEN DRINKING,,,M,MALE,33.0,C,CA,W,WHITE,7.0,SportUtilityVehicle,1992.0,GMC,Typhoon,BLK,,,,,,,,,,,,
2066020,1092242,1,Driver,True,False,True,B,UNKNOWN,B,OCCUPANT UNKNOWN,CELL PHONE NOT IN USE,NONE APPARENT,,S,SR-85,65.0,B,PROCEEDING STRAIGHT,G,IMPAIRMENT_NOT_KNOWN,,,,,,,,,,99.0,OtherUnknownHitAndRunDriver,,,,,,,,,,,,,,,,
2065555,1091991,2,Driver,,False,False,M,AIR BAG NOT DEPLOYED,G,OCCUPANT LAP SHOULDER HARNESS USED,CELL PHONE NOT IN USE,NONE APPARENT,,S,I-280,65.0,B,PROCEEDING STRAIGHT,A,HAD NOT BEEN DRINKING,,,F,FEMALE,51.0,C,CA,B,BLACK,1.0,PassengerCarStationWagonJeep,2004.0,MERZ,CLK500,BLK,,,,,,,,,,,,
2065554,1091991,1,Driver,True,False,False,M,AIR BAG NOT DEPLOYED,G,OCCUPANT LAP SHOULDER HARNESS USED,CELL PHONE NOT IN USE,UNINVOLVED VEHICLE,,S,I-280,65.0,H,SLOWING/STOPPING,A,HAD NOT BEEN DRINKING,,,F,FEMALE,66.0,C,CA,A,ASIAN,8.0,MiniVan,2000.0,TOYOT,Sienna,GOL,,,,,,,,,,,,
2065545,1091986,2,Driver,,False,False,M,AIR BAG NOT DEPLOYED,G,OCCUPANT LAP SHOULDER HARNESS USED,CELL PHONE NOT IN USE,NONE APPARENT,,N,SR-87,65.0,B,PROCEEDING STRAIGHT,A,HAD NOT BEEN DRINKING,,,F,FEMALE,60.0,C,CA,H,HISPANIC,8.0,MiniVan,2007.0,TOYO,Sienna,GRN,,,,,,,,,,,,
2065544,1091986,1,Driver,True,False,True,B,UNKNOWN,B,OCCUPANT UNKNOWN,CELL PHONE NOT IN USE,NONE APPARENT,,N,SR-87,65.0,J,CHANGING LANES,G,IMPAIRMENT_NOT_KNOWN,,,,,,,,,,99.0,OtherUnknownHitAndRunDriver,,UNKNOWN,,,,,,,,,,,,,,
2065535,1091981,2,Driver,,False,False,M,AIR BAG NOT DEPLOYED,G,OCCUPANT LAP SHOULDER HARNESS USED,CELL PHONE NOT IN USE,NONE APPARENT,,N,US101,65.0,B,PROCEEDING STRAIGHT,A,HAD NOT BEEN DRINKING,,,M,MALE,28.0,F,WI,W,WHITE,7.0,SportUtilityVehicle,2018.0,TOYO,RAV4,GRY,,,,,,,,,,,,
2065534,1091981,1,Driver,,False,False,M,AIR BAG NOT DEPLOYED,G,OCCUPANT LAP SHOULDER HARNESS USED,CELL PHONE NOT IN USE,NONE APPARENT,,N,US101,65.0,B,PROCEEDING STRAIGHT,A,HAD NOT BEEN DRINKING,,,F,FEMALE,31.0,C,CA,H,HISPANIC,7.0,SportUtilityVehicle,2019.0,CHEV,Traverse,GRY,,,,,,,,,,,,
2065488,1091960,2,Driver,,False,False,M,AIR BAG NOT DEPLOYED,G,OCCUPANT LAP SHOULDER HARNESS USED,CELL PHONE NOT IN USE,NONE APPARENT,,N,SR-87,65.0,B,PROCEEDING STRAIGHT,A,HAD NOT BEEN DRINKING,,,M,MALE,26.0,C,CA,H,HISPANIC,22.0,PickupsAndPanels,2016.0,DODGE,Ram 5500,WHI,,,,,,,,,,,,
2065487,1091960,1,Driver,,False,False,M,AIR BAG NOT DEPLOYED,G,OCCUPANT LAP SHOULDER HARNESS USED,CELL PHONE NOT IN USE,NONE APPARENT,,N,SR-87,65.0,B,PROCEEDING STRAIGHT,A,HAD NOT BEEN DRINKING,,,F,FEMALE,33.0,,,H,HISPANIC,1.0,PassengerCarStationWagonJeep,2014.0,NISSIAN,Altima,GRY,,,,,,,,,,,,
2065473,1091951,1,Driver,True,False,False,M,AIR BAG NOT DEPLOYED,G,OCCUPANT LAP SHOULDER HARNESS USED,CELL PHONE NOT IN USE,NONE APPARENT,,S,SR-85,65.0,R,OTHER,D,HBD-IMPAIRMENT UNKNOWN,,,F,FEMALE,31.0,C,CA,H,HISPANIC,1.0,PassengerCarStationWagonJeep,2006.0,PONT,G6,WHI,,,,,,,,,,,,
2065470,1091949,2,Driver,,False,False,M,AIR BAG NOT DEPLOYED,G,OCCUPANT LAP SHOULDER HARNESS USED,CELL PHONE NOT IN USE,NONE APPARENT,,N,US-101,65.0,A,STOPPED,A,HAD NOT BEEN DRINKING,,,F,FEMALE,34.0,C,CA,O,OTHER,1.0,PassengerCarStationWagonJeep,2018.0,FORD,Fusion,SIL,,,,,,,,,,,,
2065469,1091949,1,Driver,True,False,False,L,AIR BAG DEPLOYED,G,OCCUPANT LAP SHOULDER HARNESS USED,CELL PHONE NOT IN USE,NONE APPARENT,,N,US-101,65.0,B,PROCEEDING STRAIGHT,A,HAD NOT BEEN DRINKING,,,M,MALE,30.0,C,CA,W,WHITE,7.0,SportUtilityVehicle,2013.0,JEEP,Wrangler,RED,,,,,,,,,,,,
2065461,1091943,4,Driver,,False,False,M,AIR BAG NOT DEPLOYED,G,OCCUPANT LAP SHOULDER HARNESS USED,CELL PHONE NOT IN USE,NONE APPARENT,,N,US101,65.0,B,PROCEEDING STRAIGHT,A,HAD NOT BEEN DRINKING,,,M,MALE,30.0,C,CA,A,ASIAN,8.0,MiniVan,2004.0,FORD,E250,WHT,,,,,,,,,,,,
2065460,1091943,3,Driver,,False,False,M,AIR BAG NOT DEPLOYED,G,OCCUPANT LAP SHOULDER HARNESS USED,CELL PHONE NOT IN USE,NONE APPARENT,,N,US101,65.0,H,SLOWING/STOPPING,A,HAD NOT BEEN DRINKING,,,M,MALE,61.0,C,CA,O,OTHER,1.0,PassengerCarStationWagonJeep,2012.0,CHEV,Malibu,WHT,,,,,,,,,,,,
2065459,1091943,2,Driver,,False,False,M,AIR BAG NOT DEPLOYED,G,OCCUPANT LAP SHOULDER HARNESS USED,CELL PHONE NOT IN USE,NONE APPARENT,,N,US101,65.0,H,SLOWING/STOPPING,A,HAD NOT BEEN DRINKING,,,M,MALE,33.0,,,H,HISPANIC,7.0,SportUtilityVehicle,2008.0,JEEP,LAREDO,SIL,,,,,,,,,,,,
2065458,1091943,1,Driver,True,False,False,M,AIR BAG NOT DEPLOYED,G,OCCUPANT LAP SHOULDER HARNESS USED,CELL PHONE NOT IN USE,NONE APPARENT,,N,US101,65.0,B,PROCEEDING STRAIGHT,A,HAD NOT BEEN DRINKING,,,M,MALE,26.0,C,CA,H,HISPANIC,8.0,MiniVan,2007.0,FORD,E250,WHT,,,,,,,,,,,,
2065177,1091793,2,Driver,,False,False,M,AIR BAG NOT DEPLOYED,G,OCCUPANT LAP SHOULDER HARNESS USED,CELL PHONE NOT IN USE,NONE APPARENT,,S,SR-85 (WEST VALLEY FWY),65.0,B,PROCEEDING STRAIGHT,A,HAD NOT BEEN DRINKING,,,F,FEMALE,62.0,C,CA,A,ASIAN,1.0,PassengerCarStationWagonJeep,2013.0,MINI,Cooper,RED,,,,,,,,,,,,
2065176,1091793,1,Driver,True,False,False,M,AIR BAG NOT DEPLOYED,G,OCCUPANT LAP SHOULDER HARNESS USED,CELL PHONE NOT IN USE,NONE APPARENT,,S,SR-85 (WEST VALLEY FWY),65.0,J,CHANGING LANES,A,HAD NOT BEEN DRINKING,,,M,MALE,18.0,C,CA,A,ASIAN,1.0,PassengerCarStationWagonJeep,1999.0,TOYT,Camry,GOL,,,,,,,,,,,,
2065066,1091733,2,ParkedVehicle,,False,False,,,,,CELL PHONE NOT IN USE,NONE APPARENT,,S,I-880,65.0,O,PARKED,A,HAD NOT BEEN DRINKING,,,,,,,,,,7.0,SportUtilityVehicle,2008.0,HOND,CRV,BLK,,,,,,,,,,,,
2065065,1091733,1,Driver,True,False,False,L,AIR BAG DEPLOYED,G,OCCUPANT LAP SHOULDER HARNESS USED,CELL PHONE NOT IN USE,NONE APPARENT,,S,I-880,65.0,R,OTHER,A,HAD NOT BEEN DRINKING,,,M,MALE,22.0,C,CA,W,WHITE,1.0,PassengerCarStationWagonJeep,1997.0,HOND,Accord,BLK,,,,,,,,,,,,
2064915,1091659,1,Driver,True,False,False,L,AIR BAG DEPLOYED,G,OCCUPANT LAP SHOULDER HARNESS USED,CELL PHONE NOT IN USE,NONE APPARENT,,N,SR-87,65.0,R,OTHER,A,HAD NOT BEEN DRINKING,,,M,MALE,25.0,C,CA,W,WHITE,1.0,PassengerCarStationWagonJeep,2008.0,HOND,Civic,SIL,,,,,,,,,,,,
2064709,1091551,2,Driver,True,False,True,,,,,CELL PHONE NOT IN USE,NONE APPARENT,,N,SR-85,65.0,J,CHANGING LANES,G,IMPAIRMENT_NOT_KNOWN,,,,,,,,,,1.0,PassengerCarStationWagonJeep,2001.0,LEXS,GS430,SIL,,,,,,,,,,,,
2064708,1091551,1,Driver,,False,False,M,AIR BAG NOT DEPLOYED,G,OCCUPANT LAP SHOULDER HARNESS USED,CELL PHONE NOT IN USE,NONE APPARENT,,N,SR-85,65.0,B,PROCEEDING STRAIGHT,A,HAD NOT BEEN DRINKING,,,M,MALE,29.0,C,CA,H,HISPANIC,1.0,PassengerCarStationWagonJeep,2000.0,HOND,S2000,BLK,,,,,,,,,,,,
2064625,1091514,2,Driver,,False,False,M,AIR BAG NOT DEPLOYED,G,OCCUPANT LAP SHOULDER HARNESS USED,CELL PHONE NOT IN USE,NONE APPARENT,,N,I-280,65.0,B,PROCEEDING STRAIGHT,A,HAD NOT BEEN DRINKING,,,M,MALE,25.0,C,CA,A,ASIAN,7.0,SportUtilityVehicle,2011.0,SUBA,FORESTER,GRY,,,,,,,,,,,,
2064624,1091514,1,Driver,True,False,False,M,AIR BAG NOT DEPLOYED,G,OCCUPANT LAP SHOULDER HARNESS USED,CELL PHONE NOT IN USE,NONE APPARENT,,N,I-280,65.0,J,CHANGING LANES,A,HAD NOT BEEN DRINKING,,,M,MALE,47.0,U,CA,H,HISPANIC,8.0,MiniVan,1999.0,FORD,E150 VAN,WHI,,,,,,,,,,,,
2064069,1091233,2,Driver,,False,False,L,AIR BAG DEPLOYED,G,OCCUPANT LAP SHOULDER HARNESS USED,CELL PHONE NOT IN USE,NONE APPARENT,,N,US101,65.0,B,PROCEEDING STRAIGHT,A,HAD NOT BEEN DRINKING,,,M,MALE,57.0,C,CA,,,1.0,PassengerCarStationWagonJeep,2012.0,ACUR,TL,WHT,,,,,,,,,,,,
2064068,1091233,1,Driver,True,False,True,B,UNKNOWN,B,OCCUPANT UNKNOWN,CELL PHONE NOT IN USE,NONE APPARENT,,N,US101,65.0,R,OTHER,G,IMPAIRMENT_NOT_KNOWN,,,,,,,,,,99.0,OtherUnknownHitAndRunDriver,,,,,,,,,,,,,,,,
2064049,1091223,2,Driver,,False,False,M,AIR BAG NOT DEPLOYED,G,OCCUPANT LAP SHOULDER HARNESS USED,CELL PHONE NOT IN USE,NONE APPARENT,,N,I-280,65.0,B,PROCEEDING STRAIGHT,A,HAD NOT BEEN DRINKING,,,M,MALE,38.0,C,CA,H,HISPANIC,1.0,PassengerCarStationWagonJeep,2010.0,MAZD,Mazda 6,WHT,,,,,,,,,,,,
2064048,1091223,1,Driver,True,False,True,B,UNKNOWN,B,OCCUPANT UNKNOWN,CELL PHONE NOT IN USE,NONE APPARENT,,N,I-280,65.0,R,OTHER,G,IMPAIRMENT_NOT_KNOWN,,,,,,,,,,99.0,OtherUnknownHitAndRunDriver,,,,,,,,,,,,,,,,
2063806,1091106,2,Driver,,False,False,L,AIR BAG DEPLOYED,G,OCCUPANT LAP SHOULDER HARNESS USED,CELL PHONE NOT IN USE,NONE APPARENT,,N,I-280,65.0,B,PROCEEDING STRAIGHT,A,HAD NOT BEEN DRINKING,,,M,MALE,46.0,C,CA,O,OTHER,1.0,PassengerCarStationWagonJeep,2007.0,TOYO,Corolla,GRY,,,,,,,,,,,,
2063805,1091106,1,Driver,True,False,False,M,AIR BAG NOT DEPLOYED,G,OCCUPANT LAP SHOULDER HARNESS USED,CELL PHONE NOT IN USE,NONE APPARENT,,N,I-280,65.0,J,CHANGING LANES,A,HAD NOT BEEN DRINKING,,,F,FEMALE,20.0,C,CA,W,WHITE,1.0,PassengerCarStationWagonJeep,2016.0,FIAT,00,WHT,,,,,,,,,,,,
2063797,1091102,2,Driver,,False,False,M,AIR BAG NOT DEPLOYED,G,OCCUPANT LAP SHOULDER HARNESS USED,CELL PHONE NOT IN USE,NONE APPARENT,,N,I-280,65.0,B,PROCEEDING STRAIGHT,A,HAD NOT BEEN DRINKING,,,F,FEMALE,41.0,,,H,HISPANIC,7.0,SportUtilityVehicle,2008.0,CHRY,Aspen,BLU,,,,,,,,,,,,
2063796,1091102,1,Driver,True,False,True,B,UNKNOWN,B,OCCUPANT UNKNOWN,CELL PHONE NOT IN USE,ENTERING OR LEAVING RAMP,,N,I-280,65.0,P,MERGING,G,IMPAIRMENT_NOT_KNOWN,,,,,,,,,,99.0,OtherUnknownHitAndRunDriver,,,,,,,,,,,,,,,,
2063239,1090823,2,Driver,,False,False,M,AIR BAG NOT DEPLOYED,G,OCCUPANT LAP SHOULDER HARNESS USED,CELL PHONE NOT IN USE,NONE APPARENT,,S,I-880,65.0,B,PROCEEDING STRAIGHT,A,HAD NOT BEEN DRINKING,,,M,MALE,51.0,C,CA,A,ASIAN,1.0,PassengerCarStationWagonJeep,1998.0,HOND,Accord,TAN,,,,,,,,,,,,
2063238,1090823,1,Driver,True,False,False,M,AIR BAG NOT DEPLOYED,G,OCCUPANT LAP SHOULDER HARNESS USED,CELL PHONE NOT IN USE,NONE APPARENT,,S,I-880,65.0,R,OTHER,A,HAD NOT BEEN DRINKING,,,M,MALE,73.0,C,CA,W,WHITE,1.0,PassengerCarStationWagonJeep,2005.0,TOYT,TC,BLU,,,,,,,,,,,,
2063127,1090767,2,Driver,,False,False,M,AIR BAG NOT DEPLOYED,G,OCCUPANT LAP SHOULDER HARNESS USED,CELL PHONE NOT IN USE,NONE APPARENT,,N,US-101,65.0,H,SLOWING/STOPPING,A,HAD NOT BEEN DRINKING,,,F,FEMALE,60.0,C,CA,A,ASIAN,1.0,PassengerCarStationWagonJeep,2001.0,TOYT,Prius,BLK,,,,,,,,,,,,
2063126,1090767,1,Driver,True,False,False,M,AIR BAG NOT DEPLOYED,G,OCCUPANT LAP SHOULDER HARNESS USED,CELL PHONE NOT IN USE,NONE APPARENT,,N,US-101,65.0,B,PROCEEDING STRAIGHT,A,HAD NOT BEEN DRINKING,,,F,FEMALE,20.0,C,CA,A,ASIAN,1.0,PassengerCarStationWagonJeep,2004.0,HOND,Accord,GRY,,,,,,,,,,,,
2063112,1090758,2,Driver,,False,False,M,AIR BAG NOT DEPLOYED,G,OCCUPANT LAP SHOULDER HARNESS USED,CELL PHONE NOT IN USE,NONE APPARENT,,S,US101,65.0,B,PROCEEDING STRAIGHT,A,HAD NOT BEEN DRINKING,,,M,MALE,32.0,A,CA,O,OTHER,21.0,TwoAxleTankTruck,2016.0,PTRB,SUPER DUMP,WHT,,,,,,,,,,,,
2063111,1090758,1,Driver,True,False,False,M,AIR BAG NOT DEPLOYED,G,OCCUPANT LAP SHOULDER HARNESS USED,CELL PHONE NOT IN USE,NONE APPARENT,,S,US101,65.0,R,OTHER,A,HAD NOT BEEN DRINKING,,,M,MALE,46.0,C,CA,W,WHITE,7.0,SportUtilityVehicle,2014.0,JEEP,Grand Cherokee,WHT,,,,,,,,,,,,
2063073,1090738,2,Driver,,False,False,M,AIR BAG NOT DEPLOYED,G,OCCUPANT LAP SHOULDER HARNESS USED,CELL PHONE NOT IN USE,ENTERING OR LEAVING RAMP,,S,I-680 SB FROM JACKSON AVENUE,65.0,B,PROCEEDING STRAIGHT,C,HBD-NOT UNDER INFLUENCE,,,M,MALE,30.0,C,CA,H,HISPANIC,22.0,PickupsAndPanels,2019.0,FORD,F-150 Raptor,BLU,,,,,,,,,,,,
2063072,1090738,1,Driver,True,False,False,L,AIR BAG DEPLOYED,G,OCCUPANT LAP SHOULDER HARNESS USED,CELL PHONE NOT IN USE,NONE APPARENT,,S,I-680,65.0,M,OTHER UNSAFE TURNING,A,HAD NOT BEEN DRINKING,,,M,MALE,21.0,U,CA,A,ASIAN,1.0,PassengerCarStationWagonJeep,2000.0,TOYO,Camry,SIL,,,,,,,,,,,,
2063062,1090732,2,Driver,,False,False,L,AIR BAG DEPLOYED,G,OCCUPANT LAP SHOULDER HARNESS USED,CELL PHONE NOT IN USE,NONE APPARENT,,S,I-680,65.0,B,PROCEEDING STRAIGHT,A,HAD NOT BEEN DRINKING,,,M,MALE,58.0,C,CA,H,HISPANIC,1.0,PassengerCarStationWagonJeep,1999.0,HOND,Accord,BLK,,,,,,,,,,,,
2063061,1090732,1,Driver,True,False,False,M,AIR BAG NOT DEPLOYED,G,OCCUPANT LAP SHOULDER HARNESS USED,CELL PHONE NOT IN USE,NONE APPARENT,,S,I-680,65.0,J,CHANGING LANES,A,HAD NOT BEEN DRINKING,,,F,FEMALE,46.0,C,CA,H,HISPANIC,1.0,PassengerCarStationWagonJeep,2015.0,NISS,LEAF,BLU,,,,,,,,,,,,
2063022,1090710,2,Driver,,False,False,M,AIR BAG NOT DEPLOYED,G,OCCUPANT LAP SHOULDER HARNESS USED,CELL PHONE NOT IN USE,NONE APPARENT,,S,I-680,65.0,A,STOPPED,A,HAD NOT BEEN DRINKING,,,M,MALE,33.0,C,CA,A,ASIAN,7.0,SportUtilityVehicle,2018.0,GMC,Acadia,WHI,,,,,,,,,,,,
2063021,1090710,1,Driver,True,False,False,M,AIR BAG NOT DEPLOYED,G,OCCUPANT LAP SHOULDER HARNESS USED,CELL PHONE NOT IN USE,NONE APPARENT,,S,I-680,65.0,B,PROCEEDING STRAIGHT,G,IMPAIRMENT_NOT_KNOWN,,,M,MALE,21.0,C,CA,H,HISPANIC,1.0,PassengerCarStationWagonJeep,2008.0,CHEV,HHR,BLU,,,,,,,,,,,,