PartyId,CollisionId,PartyNumber,PartyType,IsAtFault,IsOnDutyEmergencyVehicle,IsHitAndRun,AirbagCode,AirbagDescription,SafetyEquipmentCode,SafetyEquipmentDescription,Special Information,Other Associate Factor,Inattention,DirectionOfTravel,StreetOrHighwayName,SpeedLimit,MovementPrecCollCode,MovementPrecCollDescription,SobrietyDrugPhysicalCode1,SobrietyDrugPhysicalDescription1,SobrietyDrugPhysicalCode2,SobrietyDrugPhysicalDescription2,GenderCode,GenderDescription,StatedAge,DriverLicenseClass,DriverLicenseStateCode,RaceCode,RaceDesc,Vehicle1TypeId, Vehicle1TypeDesc, Vehicle1Year,Vehicle1Make,Vehicle1Model,Vehicle1Color,V1IsVehicleTowed,Vehicle2TypeId, Vehicle2TypeDesc, Vehicle2Year,Vehicle2Make,Vehicle2Model,Vehicle2Color,V2IsVehicleTowed,Lane,ThruLanes,TotalLanes,IsDREConducted
10965676,3087087,1,Driver,,False,,,,,,,NONE APPARENT,,E,,,B,PROCEEDING STRAIGHT,A,HAD NOT BEEN DRINKING,,,M,MALE,,C,CA,,,,,2018.0,CHEV,,,,,,,,,,,,,,
10965516,3087011,2,Driver,,False,,L,AIR BAG DEPLOYED,G,OCCUPANT LAP SHOULDER HARNESS USED,,,,S,,,E,MAKING LEFT TURN,A,HAD NOT BEEN DRINKING,,,F,FEMALE,,,CA,W,WHITE,,,2016.0,CHEV,,,,,,,,,,,,,,
10965515,3087011,1,Driver,True,False,,L,AIR BAG DEPLOYED,G,OCCUPANT LAP SHOULDER HARNESS USED,,VISION OBSCUREMENT,,N,,,E,MAKING LEFT TURN,A,HAD NOT BEEN DRINKING,,,M,MALE,,,CA,W,WHITE,,,1999.0,LEXU,,,,,,,,,,,,,,
10965512,3087009,1,Driver,True,False,,,,,,CELL PHONE NOT IN USE,PREVIOUS COLLISION,,W,,,,,,,,,F,FEMALE,,,CA,W,WHITE,,,2012.0,CHEV,,,,,,,,,,,,,,
10963704,3086135,2,Pedestrian,,False,,,,,,,,,,,,,,,,,,M,MALE,,,,B,BLACK,60.0,Pedestrian,,,,,,,,,,,,,,,,
10963703,3086135,1,Driver,True,False,,,,,,,INATTENTION / NONE APPARENT,,S,,,B,PROCEEDING STRAIGHT,G,IMPAIRMENT_NOT_KNOWN,,,,,,,,,,,,,,,,,,,,,,,,,,,
10963356,3085971,2,Driver,,False,,,,,,,ENTERING OR LEAVING RAMP,,S,,,A,STOPPED,A,HAD NOT BEEN DRINKING,,,M,MALE,,,CA,H,HISPANIC,1.0,PassengerCarStationWagonJeep,2007.0,HOND,,,,,,,,,,,,,,
10963355,3085971,1,Driver,True,False,,,,,,,VC SECTION VIOLATED - 23152 / ENTERING OR LEAVING RAMP,,S,,,B,PROCEEDING STRAIGHT,B,HBD-UNDER INFLUENCE,,,F,FEMALE,,,CA,W,WHITE,1.0,PassengerCarStationWagonJeep,2001.0,PONT,,,,,,,,,,,,,,
10962713,3085652,2,Driver,,False,,M,AIR BAG NOT DEPLOYED,G,OCCUPANT LAP SHOULDER HARNESS USED,CELL PHONE NOT IN USE,,,E,,,A,STOPPED,C,HBD-NOT UNDER INFLUENCE,,,M,MALE,,,CA,W,WHITE,1.0,PassengerCarStationWagonJeep,2009.0,TOYO,,,,,,,,,,,,,,
10962712,3085652,1,Driver,True,False,,M,AIR BAG NOT DEPLOYED,B,OCCUPANT UNKNOWN,,NONE APPARENT,,E,,,B,PROCEEDING STRAIGHT,C,HBD-NOT UNDER INFLUENCE,,,M,MALE,,,CA,B,BLACK,1.0,PassengerCarStationWagonJeep,2012.0,NISS,,,,,,,,,,,,,,
10962708,3085650,2,Driver,,False,,L,AIR BAG DEPLOYED,G,OCCUPANT LAP SHOULDER HARNESS USED,CELL PHONE NOT IN USE,,,E,,,E,MAKING LEFT TURN,A,HAD NOT BEEN DRINKING,,,F,FEMALE,,,CA,W,WHITE,1.0,PassengerCarStationWagonJeep,2018.0,HOND,,,,,,,,,,,,,,
10962707,3085650,1,Driver,,False,,M,AIR BAG NOT DEPLOYED,G,OCCUPANT LAP SHOULDER HARNESS USED,CELL PHONE NOT IN USE,,,N,,,B,PROCEEDING STRAIGHT,A,HAD NOT BEEN DRINKING,,,F,FEMALE,,,CA,,,1.0,PassengerCarStationWagonJeep,2014.0,TOYO,,,,,,,,,,,,,,
10962367,3085489,2,Driver,,False,,M,AIR BAG NOT DEPLOYED,G,OCCUPANT LAP SHOULDER HARNESS USED,,,,W,,,D,MAKING RIGHT TURN,A,HAD NOT BEEN DRINKING,,,F,FEMALE,,,CA,W,WHITE,1.0,PassengerCarStationWagonJeep,2018.0,MERB,,,,,,,,,,,,,,
10962366,3085489,1,Driver,,False,,M,AIR BAG NOT DEPLOYED,G,OCCUPANT LAP SHOULDER HARNESS USED,,,,W,,,D,MAKING RIGHT TURN,A,HAD NOT BEEN DRINKING,,,F,FEMALE,,,CA,O,OTHER,1.0,PassengerCarStationWagonJeep,2011.0,HYUN,,,,,,,,,,,,,,
10980874,3094518,2,Bicyclist,,False,,,,,,CELL PHONE NOT IN USE,NONE APPARENT,,S,,,B,PROCEEDING STRAIGHT,G,IMPAIRMENT_NOT_KNOWN,,,M,MALE,,,,H,HISPANIC,4.0,Bicycle,,,,,,,,,,,,,,,,
10980873,3094518,1,Driver,True,False,,M,AIR BAG NOT DEPLOYED,G,OCCUPANT LAP SHOULDER HARNESS USED,CELL PHONE NOT IN USE,NONE APPARENT,,S,,,D,MAKING RIGHT TURN,A,HAD NOT BEEN DRINKING,,,M,MALE,,,CA,,,,,2012.0,TOYO,,,,,,,,,,,,,,
10980865,3094514,2,Driver,,False,,,,,,,NONE APPARENT,,E,,,D,MAKING RIGHT TURN,A,HAD NOT BEEN DRINKING,,,M,MALE,,,CA,H,HISPANIC,,,1996.0,TOYO,,,,,,,,,,,,,,
10980864,3094514,1,Bicyclist,True,False,,,,,,,NONE APPARENT,,N,,,Q,TRAVELLING WRONG WAY,A,HAD NOT BEEN DRINKING,,,M,MALE,,,,B,BLACK,4.0,Bicycle,,,,,,,,,,,,,,,,
10980854,3094509,1,Driver,True,False,,L,AIR BAG DEPLOYED,G,OCCUPANT LAP SHOULDER HARNESS USED,,NONE APPARENT,,S,,,E,MAKING LEFT TURN,G,IMPAIRMENT_NOT_KNOWN,,,F,FEMALE,,,,H,HISPANIC,,,2016.0,NISS,,,,,,,,,,,,,,
10980850,3094506,2,Driver,,False,,M,AIR BAG NOT DEPLOYED,C,OCCUPANT LAP BELT USED,,NONE APPARENT,,S,,,B,PROCEEDING STRAIGHT,A,HAD NOT BEEN DRINKING,,,F,FEMALE,,,CA,W,WHITE,,,2015.0,FORD,,,,,,,,,,,,,,
10980849,3094506,1,Bicyclist,True,False,,,,,,,NONE APPARENT,,E,,,B,PROCEEDING STRAIGHT,A,HAD NOT BEEN DRINKING,,,M,MALE,,,,W,WHITE,4.0,Bicycle,,,,,,,,,,,,,,,,
10979845,3094006,2,Driver,,False,,M,AIR BAG NOT DEPLOYED,G,OCCUPANT LAP SHOULDER HARNESS USED,,NONE APPARENT,,E,,,E,MAKING LEFT TURN,H,NOT APPLICABLE,,,F,FEMALE,,,CA,,,,,2007.0,CHEV,,,,,,,,,,,,,,
10979844,3094006,1,Driver,,False,,M,AIR BAG NOT DEPLOYED,G,OCCUPANT LAP SHOULDER HARNESS USED,,NONE APPARENT,,N,,,A,STOPPED,H,NOT APPLICABLE,,,M,MALE,,,CA,,,,,2001.0,TOYO,,,,,,,,,,,,,,
10979840,3094003,2,Driver,,False,,L,AIR BAG DEPLOYED,C,OCCUPANT LAP BELT USED,,,,E,,,B,PROCEEDING STRAIGHT,A,HAD NOT BEEN DRINKING,,,F,FEMALE,,,CA,W,WHITE,,,2000.0,TOYO,,,,,,,,,,,,,,
10979839,3094003,1,Driver,True,False,,B,UNKNOWN,,,,,,N,,,E,MAKING LEFT TURN,G,IMPAIRMENT_NOT_KNOWN,,,,,,,,,,99.0,OtherUnknownHitAndRunDriver,,CHEV,,,,,,,,,,,,,,
10979835,3094000,2,Driver,,False,,M,AIR BAG NOT DEPLOYED,G,OCCUPANT LAP SHOULDER HARNESS USED,,STOP & GO TRAFFIC,,W,,,A,STOPPED,A,HAD NOT BEEN DRINKING,,,M,MALE,,,CA,O,OTHER,,,2019.0,TOYO,,,,,,,,,,,,,,
10979834,3094000,1,Driver,True,False,,B,UNKNOWN,,,,VC SECTION VIOLATED - 20001 / STOP & GO TRAFFIC,,W,,,B,PROCEEDING STRAIGHT,G,IMPAIRMENT_NOT_KNOWN,,,M,MALE,,,,H,HISPANIC,,,2006.0,NISS,,,,,,,,,,,,,,
10979828,3093997,1,Driver,True,False,,L,AIR BAG DEPLOYED,G,OCCUPANT LAP SHOULDER HARNESS USED,,NONE APPARENT,,E,,,B,PROCEEDING STRAIGHT,H,NOT APPLICABLE,,,F,FEMALE,,,CA,A,ASIAN,,,2000.0,TOYO,,,,,,,,,,,,,,
10979821,3093993,3,Pedestrian,,False,,,,,,,,,N,,,B,PROCEEDING STRAIGHT,H,NOT APPLICABLE,,,F,FEMALE,,,,H,HISPANIC,60.0,Pedestrian,,,,,,,,,,,,,,,,
10979820,3093993,2,Driver,,False,,M,AIR BAG NOT DEPLOYED,G,OCCUPANT LAP SHOULDER HARNESS USED,,,,E,,,A,STOPPED,H,NOT APPLICABLE,,,F,FEMALE,,,CA,H,HISPANIC,,,2013.0,NISS,,,,,,,,,,,,,,
10979819,3093993,1,Driver,True,False,,M,AIR BAG NOT DEPLOYED,G,OCCUPANT LAP SHOULDER HARNESS USED,,,,W,,,B,PROCEEDING STRAIGHT,H,NOT APPLICABLE,,,F,FEMALE,,,,H,HISPANIC,,,2017.0,TOYO,,,,,,,,,,,,,,
10979786,3093977,2,Driver,,False,,L,AIR BAG DEPLOYED,G,OCCUPANT LAP SHOULDER HARNESS USED,,NONE APPARENT,,S,,,B,PROCEEDING STRAIGHT,A,HAD NOT BEEN DRINKING,,,F,FEMALE,,,CA,A,ASIAN,,,2016.0,LEXU,,,,,,,,,,,,,,
10979785,3093977,1,Driver,True,False,,M,AIR BAG NOT DEPLOYED,G,OCCUPANT LAP SHOULDER HARNESS USED,,NONE APPARENT,,E,,,A,STOPPED,A,HAD NOT BEEN DRINKING,,,F,FEMALE,,,CA,A,ASIAN,,,1999.0,TOYO,,,,,,,,,,,,,,
10979778,3093973,3,ParkedVehicle,,False,,,,,,,,,,,,O,PARKED,H,NOT APPLICABLE,,,,,,,,,,,,1999.0,TOYO,,,,,,,,,,,,,,
10979777,3093973,2,ParkedVehicle,,False,,,,,,,,,,,,O,PARKED,H,NOT APPLICABLE,,,,,,,,,,,,2017.0,CHEV,,,,,,,,,,,,,,
10979776,3093973,1,Driver,True,False,,L,AIR BAG DEPLOYED,C,OCCUPANT LAP BELT USED,SCHOOL BUS RELATED,VC SECTION VIOLATED - 23152,,E,,,B,PROCEEDING STRAIGHT,B,HBD-UNDER INFLUENCE,,,F,FEMALE,,,CA,H,HISPANIC,,,2008.0,HOND,,,,,,,,,,,,,,
10979769,3093969,2,Driver,,False,,M,AIR BAG NOT DEPLOYED,G,OCCUPANT LAP SHOULDER HARNESS USED,CELL PHONE NOT IN USE,,,N,,,A,STOPPED,A,HAD NOT BEEN DRINKING,,,F,FEMALE,,,,H,HISPANIC,,,2004.0,NISS,,,,,,,,,,,,,,
10979768,3093969,1,Driver,,False,,,,,,,,,E,,,B,PROCEEDING STRAIGHT,G,IMPAIRMENT_NOT_KNOWN,,,,,,,,,,99.0,OtherUnknownHitAndRunDriver,,,,,,,,,,,,,,,,
10977328,3092779,2,Driver,,False,,M,AIR BAG NOT DEPLOYED,G,OCCUPANT LAP SHOULDER HARNESS USED,,NONE APPARENT,,W,,,E,MAKING LEFT TURN,A,HAD NOT BEEN DRINKING,,,F,FEMALE,,,CA,W,WHITE,1.0,PassengerCarStationWagonJeep,2008.0,HYUN,,,,,,,,,,,,,,
10977327,3092779,1,Driver,True,False,,M,AIR BAG NOT DEPLOYED,G,OCCUPANT LAP SHOULDER HARNESS USED,,NONE APPARENT,,S,,,A,STOPPED,A,HAD NOT BEEN DRINKING,,,F,FEMALE,,,CA,H,HISPANIC,1.0,PassengerCarStationWagonJeep,2012.0,HOND,,,,,,,,,,,,,,
10976705,3092469,2,Driver,,False,,M,AIR BAG NOT DEPLOYED,G,OCCUPANT LAP SHOULDER HARNESS USED,,NONE APPARENT,,E,,,B,PROCEEDING STRAIGHT,A,HAD NOT BEEN DRINKING,,,F,FEMALE,,,CA,W,WHITE,1.0,PassengerCarStationWagonJeep,2000.0,BMWX,,,,,,,,,,,,,,
10976704,3092469,1,Driver,True,False,,M,AIR BAG NOT DEPLOYED,G,OCCUPANT LAP SHOULDER HARNESS USED,,NONE APPARENT,,S,,,E,MAKING LEFT TURN,A,HAD NOT BEEN DRINKING,,,F,FEMALE,,,CA,W,WHITE,1.0,PassengerCarStationWagonJeep,2002.0,HOND,,,,,,,,,,,,,,
10976696,3092465,1,Driver,True,False,,M,AIR BAG NOT DEPLOYED,G,OCCUPANT LAP SHOULDER HARNESS USED,,NONE APPARENT,,E,,,M,OTHER UNSAFE TURNING,A,HAD NOT BEEN DRINKING,,,M,MALE,,,CA,A,ASIAN,1.0,PassengerCarStationWagonJeep,2008.0,INFI,,,,,,,,,,,,,,
10976689,3092461,2,Driver,,False,,N,OTHER,G,OCCUPANT LAP SHOULDER HARNESS USED,,VC SECTION VIOLATED - 22109,,E,,,A,STOPPED,A,HAD NOT BEEN DRINKING,,,F,FEMALE,,,CA,W,WHITE,7.0,SportUtilityVehicle,2015.0,HYUN,,,,,,,,,,,,,,
10976688,3092461,1,Driver,True,False,,,,,,,VC SECTION VIOLATED - 22100 B,,W,,,B,PROCEEDING STRAIGHT,G,IMPAIRMENT_NOT_KNOWN,,,,,,,,,,2.0,Motorcycle,2016.0,HARL,,,,,,,,,,,,,,
10976676,3092456,2,Bicyclist,,False,,,,,,,VC SECTION VIOLATED - 21202,,S,,,B,PROCEEDING STRAIGHT,D,HBD-IMPAIRMENT UNKNOWN,,,M,MALE,,,,H,HISPANIC,4.0,Bicycle,,,,,,,,,,,,,,,,
10976675,3092456,1,Driver,True,False,,B,UNKNOWN,,,,,,N,,,B,PROCEEDING STRAIGHT,D,HBD-IMPAIRMENT UNKNOWN,,,,,,,,,,1.0,PassengerCarStationWagonJeep,,VOLK,,,,,,,,,,,,,,
10976669,3092453,3,Driver,,False,,M,AIR BAG NOT DEPLOYED,G,OCCUPANT LAP SHOULDER HARNESS USED,,NONE APPARENT,,N,,,H,SLOWING/STOPPING,A,HAD NOT BEEN DRINKING,,,F,FEMALE,,,CA,W,WHITE,1.0,PassengerCarStationWagonJeep,2017.0,HYUN,,,,,,,,,,,,,,
10976668,3092453,2,Driver,,False,,L,AIR BAG DEPLOYED,G,OCCUPANT LAP SHOULDER HARNESS USED,,NONE APPARENT,,N,,,H,SLOWING/STOPPING,A,HAD NOT BEEN DRINKING,,,M,MALE,,,CA,W,WHITE,1.0,PassengerCarStationWagonJeep,2011.0,BMWX,,,,,,,,,,,,,,
10976667,3092453,1,Driver,True,False,,M,AIR BAG NOT DEPLOYED,G,OCCUPANT LAP SHOULDER HARNESS USED,,INATTENTION,OTHER,N,,,B,PROCEEDING STRAIGHT,A,HAD NOT BEEN DRINKING,,,M,MALE,,,CA,W,WHITE,1.0,PassengerCarStationWagonJeep,2012.0,JEEP,,,,,,,,,,,,,,
10976489,3092369,2,Driver,,False,,M,AIR BAG NOT DEPLOYED,G,OCCUPANT LAP SHOULDER HARNESS USED,,NONE APPARENT,,E,,,B,PROCEEDING STRAIGHT,A,HAD NOT BEEN DRINKING,,,F,FEMALE,,,CA,A,ASIAN,,,2001.0,HOND,,,,,,,,,,,,,,
10976488,3092369,1,Driver,True,False,,L,AIR BAG DEPLOYED,G,OCCUPANT LAP SHOULDER HARNESS USED,,INATTENTION,OTHER,W,,,E,MAKING LEFT TURN,A,HAD NOT BEEN DRINKING,,,M,MALE,,,CA,H,HISPANIC,,,1997.0,FORD,,,,,,,,,,,,,,
10976481,3092365,2,Driver,,False,,L,AIR BAG DEPLOYED,G,OCCUPANT LAP SHOULDER HARNESS USED,,NONE APPARENT,,S,,,E,MAKING LEFT TURN,A,HAD NOT BEEN DRINKING,,,F,FEMALE,,,,H,HISPANIC,,,2000.0,TOYO,,,,,,,,,,,,,,
10976480,3092365,1,Driver,True,False,,L,AIR BAG DEPLOYED,G,OCCUPANT LAP SHOULDER HARNESS USED,,VC SECTION VIOLATED - 23123,,N,,,B,PROCEEDING STRAIGHT,A,HAD NOT BEEN DRINKING,,,M,MALE,,,CA,A,ASIAN,,,2015.0,TESL,,,,,,,,,,,,,,
10972759,3090507,2,ParkedVehicle,,False,,,,,,,,,,,,,,,,,,,,,,,,,1.0,PassengerCarStationWagonJeep,2015.0,HOND,,,,,,,,,,,,,,
10972758,3090507,1,Driver,True,False,,L,AIR BAG DEPLOYED,E,OCCUPANT SHOULDER HARNESS USED,CELL PHONE NOT IN USE,INATTENTION,OTHER,S,,,A,STOPPED,H,NOT APPLICABLE,,,F,FEMALE,,,CA,W,WHITE,1.0,PassengerCarStationWagonJeep,2012.0,HOND,,,,,,,,,,,,,,
10972754,3090505,2,Driver,,False,,,,,,CELL PHONE NOT IN USE,NONE APPARENT,,S,,,D,MAKING RIGHT TURN,A,HAD NOT BEEN DRINKING,,,M,MALE,,,CA,W,WHITE,1.0,PassengerCarStationWagonJeep,2010.0,HOND,,,,,,,,,,,,,,
10972753,3090505,1,Other,True,False,,,,,,CELL PHONE NOT IN USE,NONE APPARENT,,N,,,B,PROCEEDING STRAIGHT,A,HAD NOT BEEN DRINKING,,,,,,,,,,,,,,,,,,,,,,,,,,,
10972747,3090502,3,ParkedVehicle,,False,,,,,,,NONE APPARENT,,N,,,O,PARKED,A,HAD NOT BEEN DRINKING,,,,,,,,,,,,2006.0,HOND,,,,,,,,,,,,,,
10972746,3090502,2,Driver,,False,,L,AIR BAG DEPLOYED,C,OCCUPANT LAP BELT USED,,NONE APPARENT,,N,,,B,PROCEEDING STRAIGHT,A,HAD NOT BEEN DRINKING,,,F,FEMALE,,,CA,H,HISPANIC,,,2016.0,HYUN,,,,,,,,,,,,,,
10972745,3090502,1,Driver,True,False,,L,AIR BAG DEPLOYED,C,OCCUPANT LAP BELT USED,,NONE APPARENT,,E,,,B,PROCEEDING STRAIGHT,A,HAD NOT BEEN DRINKING,,,F,FEMALE,,,CA,H,HISPANIC,1.0,PassengerCarStationWagonJeep,2014.0,FORD,,,,,,,,,,,,,,
10972744,3090501,3,Driver,,False,,M,AIR BAG NOT DEPLOYED,G,OCCUPANT LAP SHOULDER HARNESS USED,,VC SECTION VIOLATED - 22500 G,,E,,,O,PARKED,C,HBD-NOT UNDER INFLUENCE,,,F,FEMALE,,,CA,H,HISPANIC,,,2002.0,CHEV,,,,,,,,,,,,,,
10972743,3090501,2,Driver,,False,,M,AIR BAG NOT DEPLOYED,G,OCCUPANT LAP SHOULDER HARNESS USED,,,,E,,,B,PROCEEDING STRAIGHT,C,HBD-NOT UNDER INFLUENCE,,,M,MALE,,,,H,HISPANIC,,,1999.0,MAZD,,,,,,,,,,,,,,
10972742,3090501,1,Driver,True,False,,M,AIR BAG NOT DEPLOYED,G,OCCUPANT LAP SHOULDER HARNESS USED,,OTHER,,W,,,M,OTHER UNSAFE TURNING,C,HBD-NOT UNDER INFLUENCE,,,M,MALE,,,CA,H,HISPANIC,1.0,PassengerCarStationWagonJeep,1999.0,CHEV,,,,,,,,,,,,,,
10972741,3090500,2,Pedestrian,,False,,,,,,CELL PHONE NOT IN USE,NONE APPARENT,,,,,B,PROCEEDING STRAIGHT,A,HAD NOT BEEN DRINKING,,,M,MALE,,,,A,ASIAN,60.0,Pedestrian,,,,,,,,,,,,,,,,
10972740,3090500,1,Bicyclist,True,False,,,,,,CELL PHONE NOT IN USE,INATTENTION,OTHER,S,,,B,PROCEEDING STRAIGHT,A,HAD NOT BEEN DRINKING,,,M,MALE,,,,A,ASIAN,4.0,Bicycle,,,,,,,,,,,,,,,,
10972721,3090490,2,Driver,,False,,L,AIR BAG DEPLOYED,G,OCCUPANT LAP SHOULDER HARNESS USED,,NONE APPARENT,,W,,,E,MAKING LEFT TURN,C,HBD-NOT UNDER INFLUENCE,,,M,MALE,,,CA,H,HISPANIC,,,1999.0,FORD,,,,,,,,,,,,,,
10972720,3090490,1,Driver,True,False,,L,AIR BAG DEPLOYED,G,OCCUPANT LAP SHOULDER HARNESS USED,,VC SECTION VIOLATED - 22359,,S,,,B,PROCEEDING STRAIGHT,A,HAD NOT BEEN DRINKING,,,F,FEMALE,,,CA,H,HISPANIC,1.0,PassengerCarStationWagonJeep,2000.0,NISS,,,,,,,,,,,,,,
10972719,3090489,2,Driver,,False,,M,AIR BAG NOT DEPLOYED,G,OCCUPANT LAP SHOULDER HARNESS USED,,,,S,,,B,PROCEEDING STRAIGHT,A,HAD NOT BEEN DRINKING,,,F,FEMALE,,,CA,H,HISPANIC,1.0,PassengerCarStationWagonJeep,2012.0,FORD,,,,,,,,,,,,,,
10972718,3090489,1,Driver,True,False,,L,AIR BAG DEPLOYED,G,OCCUPANT LAP SHOULDER HARNESS USED,,,,W,,,B,PROCEEDING STRAIGHT,A,HAD NOT BEEN DRINKING,,,M,MALE,,,CA,H,HISPANIC,1.0,PassengerCarStationWagonJeep,2016.0,FORD,,,,,,,,,,,,,,
10972681,3090473,2,Driver,,False,,P,NOT REQUIRED,,,,NONE APPARENT,,,,,A,STOPPED,D,HBD-IMPAIRMENT UNKNOWN,,,F,FEMALE,,,CA,A,ASIAN,1.0,PassengerCarStationWagonJeep,2007.0,TOYO,,,,,,,,,,,,,,
10972680,3090473,1,Bicyclist,True,False,,,,,,,NONE APPARENT,,S,,,A,STOPPED,D,HBD-IMPAIRMENT UNKNOWN,,,M,MALE,,,,A,ASIAN,4.0,Bicycle,,,,,,,,,,,,,,,,
10972664,3090463,3,Driver,,False,,M,AIR BAG NOT DEPLOYED,G,OCCUPANT LAP SHOULDER HARNESS USED,CELL PHONE NOT IN USE,,,E,,,H,SLOWING/STOPPING,A,HAD NOT BEEN DRINKING,,,M,MALE,,,CA,,,7.0,SportUtilityVehicle,1998.0,MAZD,,,,,,,,,,,,,,
10972663,3090463,2,Driver,,False,,L,AIR BAG DEPLOYED,G,OCCUPANT LAP SHOULDER HARNESS USED,CELL PHONE NOT IN USE,,,E,,,A,STOPPED,A,HAD NOT BEEN DRINKING,,,M,MALE,,,CA,,,1.0,PassengerCarStationWagonJeep,2005.0,FORD,,,,,,,,,,,,,,
10972662,3090463,1,Driver,True,False,,L,AIR BAG DEPLOYED,G,OCCUPANT LAP SHOULDER HARNESS USED,CELL PHONE NOT IN USE,INATTENTION,OTHER,E,,,B,PROCEEDING STRAIGHT,A,HAD NOT BEEN DRINKING,,,F,FEMALE,,C,CA,B,BLACK,7.0,SportUtilityVehicle,2015.0,DODG,,,,,,,,,,,,,,
10972656,3090460,3,Driver,,False,,M,AIR BAG NOT DEPLOYED,G,OCCUPANT LAP SHOULDER HARNESS USED,,NONE APPARENT,,N,,,A,STOPPED,H,NOT APPLICABLE,,,F,FEMALE,,,CA,H,HISPANIC,1.0,PassengerCarStationWagonJeep,2008.0,CHEV,,,,,,,,,,,,,,
10972655,3090460,2,Driver,,False,,M,AIR BAG NOT DEPLOYED,G,OCCUPANT LAP SHOULDER HARNESS USED,,NONE APPARENT,,N,,,A,STOPPED,H,NOT APPLICABLE,,,M,MALE,,,CA,H,HISPANIC,1.0,PassengerCarStationWagonJeep,2005.0,HYUN,,,,,,,,,,,,,,
10972654,3090460,1,Driver,True,False,,L,AIR BAG DEPLOYED,G,OCCUPANT LAP SHOULDER HARNESS USED,,NONE APPARENT,,S,,,H,SLOWING/STOPPING,H,NOT APPLICABLE,,,F,FEMALE,,,CA,W,WHITE,1.0,PassengerCarStationWagonJeep,2005.0,HOND,,,,,,,,,,,,,,
10972649,3090457,2,Driver,,False,,M,AIR BAG NOT DEPLOYED,G,OCCUPANT LAP SHOULDER HARNESS USED,,,,S,,,B,PROCEEDING STRAIGHT,A,HAD NOT BEEN DRINKING,,,M,MALE,,,CA,O,OTHER,1.0,PassengerCarStationWagonJeep,2012.0,VOLK,,,,,,,,,,,,,,
10972648,3090457,1,Pedestrian,True,False,,,,,,,,,W,,,R,OTHER,B,HBD-UNDER INFLUENCE,,,M,MALE,,,,W,WHITE,60.0,Pedestrian,,,,,,,,,,,,,,,,
10972644,3090454,2,Driver,,False,,L,AIR BAG DEPLOYED,G,OCCUPANT LAP SHOULDER HARNESS USED,,,,S,,,B,PROCEEDING STRAIGHT,A,HAD NOT BEEN DRINKING,,,F,FEMALE,,,CA,,,1.0,PassengerCarStationWagonJeep,1998.0,TOYO,,,,,,,,,,,,,,
10972643,3090454,1,Driver,True,False,,L,AIR BAG DEPLOYED,G,OCCUPANT LAP SHOULDER HARNESS USED,,,,W,,,E,MAKING LEFT TURN,A,HAD NOT BEEN DRINKING,,,F,FEMALE,,,CA,,,1.0,PassengerCarStationWagonJeep,2016.0,HOND,,,,,,,,,,,,,,
10972637,3090451,2,Driver,,False,,M,AIR BAG NOT DEPLOYED,G,OCCUPANT LAP SHOULDER HARNESS USED,,NONE APPARENT,,W,,,H,SLOWING/STOPPING,A,HAD NOT BEEN DRINKING,,,M,MALE,,,CA,,,1.0,PassengerCarStationWagonJeep,2013.0,LEXU,,,,,,,,,,,,,,
10972636,3090451,1,Driver,True,False,,M,AIR BAG NOT DEPLOYED,G,OCCUPANT LAP SHOULDER HARNESS USED,,NONE APPARENT,,W,,,B,PROCEEDING STRAIGHT,A,HAD NOT BEEN DRINKING,,,M,MALE,,,CA,H,HISPANIC,1.0,PassengerCarStationWagonJeep,2015.0,HYUN,,,,,,,,,,,,,,
10972633,3090449,2,Pedestrian,,False,,,,,,,NONE APPARENT,,E,,,R,OTHER,G,IMPAIRMENT_NOT_KNOWN,,,F,FEMALE,,,,H,HISPANIC,60.0,Pedestrian,,,,,,,,,,,,,,,,
10972631,3090449,1,Driver,True,False,,,,,,,NONE APPARENT,,S,,,B,PROCEEDING STRAIGHT,G,IMPAIRMENT_NOT_KNOWN,,,,,,,,,,7.0,SportUtilityVehicle,,CHEV,,,,,,,,,,,,,,
10972625,3090445,1,Driver,True,False,,L,AIR BAG DEPLOYED,G,OCCUPANT LAP SHOULDER HARNESS USED,,,,E,,,E,MAKING LEFT TURN,G,IMPAIRMENT_NOT_KNOWN,,,M,MALE,,C,CA,,,1.0,PassengerCarStationWagonJeep,2010.0,ACUR,,,,,,,,,,,,,,
10972621,3090442,2,Bicyclist,,False,,,,,,,INATTENTION,OTHER,,,,R,OTHER,A,HAD NOT BEEN DRINKING,,,M,MALE,,,,B,BLACK,4.0,Bicycle,,,,,,,,,,,,,,,,
10972620,3090442,1,Driver,True,False,,B,UNKNOWN,,,,VC SECTION VIOLATED - 21804 A,,S,,,B,PROCEEDING STRAIGHT,A,HAD NOT BEEN DRINKING,,,M,MALE,,,CA,H,HISPANIC,1.0,PassengerCarStationWagonJeep,1999.0,HOND,,,,,,,,,,,,,,
10972615,3090439,1,Driver,True,False,,,,,,CELL PHONE NOT IN USE,NONE APPARENT,,N,,,A,STOPPED,G,IMPAIRMENT_NOT_KNOWN,,,F,FEMALE,,,CA,,,7.0,SportUtilityVehicle,2013.0,HOND,,,,,,,,,,,,,,
10972610,3090436,2,Driver,,False,,L,AIR BAG DEPLOYED,G,OCCUPANT LAP SHOULDER HARNESS USED,,,,,,,B,PROCEEDING STRAIGHT,A,HAD NOT BEEN DRINKING,,,M,MALE,,C,CA,H,HISPANIC,1.0,PassengerCarStationWagonJeep,2011.0,TOYO,,,,,,,,,,,,,,
10972609,3090436,1,Driver,,False,,L,AIR BAG DEPLOYED,G,OCCUPANT LAP SHOULDER HARNESS USED,,,,,,,E,MAKING LEFT TURN,,,,,F,FEMALE,,,CA,H,HISPANIC,1.0,PassengerCarStationWagonJeep,2019.0,HOND,,,,,,,,,,,,,,