PartyId,CollisionId,PartyNumber,PartyType,IsAtFault,IsOnDutyEmergencyVehicle,IsHitAndRun,AirbagCode,AirbagDescription,SafetyEquipmentCode,SafetyEquipmentDescription,Special Information,Other Associate Factor,Inattention,DirectionOfTravel,StreetOrHighwayName,SpeedLimit,MovementPrecCollCode,MovementPrecCollDescription,SobrietyDrugPhysicalCode1,SobrietyDrugPhysicalDescription1,SobrietyDrugPhysicalCode2,SobrietyDrugPhysicalDescription2,GenderCode,GenderDescription,StatedAge,DriverLicenseClass,DriverLicenseStateCode,RaceCode,RaceDesc,Vehicle1TypeId, Vehicle1TypeDesc, Vehicle1Year,Vehicle1Make,Vehicle1Model,Vehicle1Color,V1IsVehicleTowed,Vehicle2TypeId, Vehicle2TypeDesc, Vehicle2Year,Vehicle2Make,Vehicle2Model,Vehicle2Color,V2IsVehicleTowed,Lane,ThruLanes,TotalLanes,IsDREConducted
11093881,3149981,2,Driver,,False,,N,OTHER,G,OCCUPANT LAP SHOULDER HARNESS USED,,NONE APPARENT,,W,,,B,PROCEEDING STRAIGHT,H,NOT APPLICABLE,,,M,MALE,,,CA,H,HISPANIC,8.0,MiniVan,2014.0,DODG,,,,,,,,,,,,,,
11093880,3149981,1,Driver,True,False,,M,AIR BAG NOT DEPLOYED,G,OCCUPANT LAP SHOULDER HARNESS USED,,NONE APPARENT,,S,,,B,PROCEEDING STRAIGHT,H,NOT APPLICABLE,,,M,MALE,,,CA,H,HISPANIC,8.0,MiniVan,2014.0,HOND,,,,,,,,,,,,,,
11093873,3149977,2,Driver,,False,,M,AIR BAG NOT DEPLOYED,B,OCCUPANT UNKNOWN,,,,W,,,D,MAKING RIGHT TURN,H,NOT APPLICABLE,,,M,MALE,,,CA,H,HISPANIC,7.0,SportUtilityVehicle,2011.0,DODG,,,,,,,,,,,,,,
11093872,3149977,1,Driver,True,False,,M,AIR BAG NOT DEPLOYED,B,OCCUPANT UNKNOWN,,,,S,,,D,MAKING RIGHT TURN,H,NOT APPLICABLE,,,M,MALE,,,CA,H,HISPANIC,1.0,PassengerCarStationWagonJeep,2002.0,TOYO,,,,,,,,,,,,,,
11093863,3149973,2,Driver,,False,,L,AIR BAG DEPLOYED,G,OCCUPANT LAP SHOULDER HARNESS USED,,ENTERING OR LEAVING RAMP,,E,,,B,PROCEEDING STRAIGHT,G,IMPAIRMENT_NOT_KNOWN,,,F,FEMALE,,,CA,H,HISPANIC,1.0,PassengerCarStationWagonJeep,2016.0,FORD,,,,,,,,,,,,,,
11093862,3149973,1,Driver,True,False,,L,AIR BAG DEPLOYED,G,OCCUPANT LAP SHOULDER HARNESS USED,,VC SECTION VIOLATED / INATTENTION,OTHER,N,,,B,PROCEEDING STRAIGHT,H,NOT APPLICABLE,,,M,MALE,,,CA,W,WHITE,1.0,PassengerCarStationWagonJeep,2006.0,MITS,,,,,,,,,,,,,,
11093742,3149915,2,Driver,,False,,M,AIR BAG NOT DEPLOYED,G,OCCUPANT LAP SHOULDER HARNESS USED,,NONE APPARENT,,N,,,D,MAKING RIGHT TURN,A,HAD NOT BEEN DRINKING,,,M,MALE,,,CA,O,OTHER,,,2020.0,KAWA,,,,,,,,,,,,,,
11093741,3149915,1,Driver,,False,,M,AIR BAG NOT DEPLOYED,G,OCCUPANT LAP SHOULDER HARNESS USED,,NONE APPARENT,,N,,,B,PROCEEDING STRAIGHT,A,HAD NOT BEEN DRINKING,,,M,MALE,,,CA,O,OTHER,,,2014.0,FORD,,,,,,,,,,,,,,
11093575,3149835,2,Bicyclist,,False,,,,,,,NONE APPARENT,,S,,,B,PROCEEDING STRAIGHT,H,NOT APPLICABLE,,,M,MALE,,,,W,WHITE,4.0,Bicycle,,,,,,,,,,,,,,,,
11093574,3149835,1,Driver,True,False,,M,AIR BAG NOT DEPLOYED,B,OCCUPANT UNKNOWN,,INATTENTION,OTHER,N,,,E,MAKING LEFT TURN,H,NOT APPLICABLE,,,F,FEMALE,,,CA,W,WHITE,,,2014.0,FORD,,,,,,,,,,,,,,
11093568,3149831,2,Driver,,False,,M,AIR BAG NOT DEPLOYED,G,OCCUPANT LAP SHOULDER HARNESS USED,,NONE APPARENT,,W,,,A,STOPPED,G,IMPAIRMENT_NOT_KNOWN,,,F,FEMALE,,,CA,A,ASIAN,,,2015.0,TOYO,,,,,,,,,,,,,,
11093567,3149831,1,Driver,True,False,,M,AIR BAG NOT DEPLOYED,G,OCCUPANT LAP SHOULDER HARNESS USED,,NONE APPARENT,,E,,,Q,TRAVELLING WRONG WAY,G,IMPAIRMENT_NOT_KNOWN,,,F,FEMALE,,,CA,B,BLACK,,,2005.0,CHRY,,,,,,,,,,,,,,
11093564,3149829,5,Driver,,False,,M,AIR BAG NOT DEPLOYED,G,OCCUPANT LAP SHOULDER HARNESS USED,,NONE APPARENT,,W,,,A,STOPPED,A,HAD NOT BEEN DRINKING,,,M,MALE,,,CA,W,WHITE,,,1991.0,HOND,,,,,,,,,,,,,,
11093563,3149829,4,Driver,,False,,M,AIR BAG NOT DEPLOYED,G,OCCUPANT LAP SHOULDER HARNESS USED,,NONE APPARENT,,W,,,B,PROCEEDING STRAIGHT,A,HAD NOT BEEN DRINKING,,,M,MALE,,,CA,,,,,2012.0,FORD,,,,,,,,,,,,,,
11093562,3149829,3,Driver,,False,,,,,,,NONE APPARENT,,W,,,B,PROCEEDING STRAIGHT,A,HAD NOT BEEN DRINKING,,,M,MALE,,,CA,H,HISPANIC,,,2015.0,JEEP,,,,,,,,,,,,,,
11093561,3149829,2,Driver,,False,,M,AIR BAG NOT DEPLOYED,G,OCCUPANT LAP SHOULDER HARNESS USED,,NONE APPARENT,,W,,,B,PROCEEDING STRAIGHT,A,HAD NOT BEEN DRINKING,,,M,MALE,,,CA,W,WHITE,,,2016.0,MERB,,,,,,,,,,,,,,
11093560,3149829,1,Driver,True,False,,L,AIR BAG DEPLOYED,G,OCCUPANT LAP SHOULDER HARNESS USED,,VC SECTION VIOLATED,,W,,,J,CHANGING LANES,A,HAD NOT BEEN DRINKING,,,M,MALE,,,CA,W,WHITE,,,2017.0,NISS,,,,,,,,,,,,,,
11093547,3149824,2,Driver,,False,,,,,,,,,E,,,A,STOPPED,A,HAD NOT BEEN DRINKING,,,M,MALE,,,CA,A,ASIAN,,,2010.0,TOYO,,,,,,,,,,,,,,
11093546,3149824,1,Driver,True,False,,M,AIR BAG NOT DEPLOYED,G,OCCUPANT LAP SHOULDER HARNESS USED,,,,E,,,E,MAKING LEFT TURN,A,HAD NOT BEEN DRINKING,,,M,MALE,,,CA,A,ASIAN,,,2014.0,TOYO,,,,,,,,,,,,,,
11111963,3158825,2,Driver,,False,,M,AIR BAG NOT DEPLOYED,G,OCCUPANT LAP SHOULDER HARNESS USED,,NONE APPARENT,,E,,,D,MAKING RIGHT TURN,A,HAD NOT BEEN DRINKING,,,F,FEMALE,,,CA,H,HISPANIC,,,2016.0,DODG,,,,,,,,,,,,,,
11111962,3158825,1,Bicyclist,True,False,,,,B,OCCUPANT UNKNOWN,,NONE APPARENT,,W,,,B,PROCEEDING STRAIGHT,A,HAD NOT BEEN DRINKING,,,M,MALE,,,,H,HISPANIC,4.0,Bicycle,2018.0,CADI,,,,,,,,,,,,,,
11111955,3158821,2,Driver,,False,,M,AIR BAG NOT DEPLOYED,E,OCCUPANT SHOULDER HARNESS USED,,NONE APPARENT,,S,,,B,PROCEEDING STRAIGHT,H,NOT APPLICABLE,,,F,FEMALE,,,CA,H,HISPANIC,,,2015.0,FORD,,,,,,,,,,,,,,
11111954,3158821,1,Driver,True,False,,M,AIR BAG NOT DEPLOYED,E,OCCUPANT SHOULDER HARNESS USED,,NONE APPARENT,,N,,,E,MAKING LEFT TURN,H,NOT APPLICABLE,,,M,MALE,,,CA,H,HISPANIC,,,1998.0,TOYO,,,,,,,,,,,,,,
11111948,3158817,2,Driver,,False,,L,AIR BAG DEPLOYED,G,OCCUPANT LAP SHOULDER HARNESS USED,,,,W,,,B,PROCEEDING STRAIGHT,A,HAD NOT BEEN DRINKING,,,F,FEMALE,,,,H,HISPANIC,,,2015.0,HOND,,,,,,,,,,,,,,
11111947,3158817,1,Driver,True,False,,L,AIR BAG DEPLOYED,G,OCCUPANT LAP SHOULDER HARNESS USED,,,,N,,,B,PROCEEDING STRAIGHT,A,HAD NOT BEEN DRINKING,,,F,FEMALE,,,CA,H,HISPANIC,,,2012.0,CHRY,,,,,,,,,,,,,,
11111940,3158813,2,ParkedVehicle,,False,,,,,,,,,,,,O,PARKED,H,NOT APPLICABLE,,,,,,,,,,,,2017.0,JEEP,,,,,,,,,,,,,,
11111939,3158813,1,Driver,True,False,,L,AIR BAG DEPLOYED,G,OCCUPANT LAP SHOULDER HARNESS USED,,VC SECTION VIOLATED - 14601 1,,N,,,B,PROCEEDING STRAIGHT,A,HAD NOT BEEN DRINKING,,,M,MALE,,,CA,H,HISPANIC,,,2017.0,CHEV,,,,,,,,,,,,,,
11111931,3158809,3,Driver,,False,,M,AIR BAG NOT DEPLOYED,C,OCCUPANT LAP BELT USED,,NONE APPARENT,,S,,,H,SLOWING/STOPPING,G,IMPAIRMENT_NOT_KNOWN,,,M,MALE,,,CA,H,HISPANIC,,,2018.0,,,,,,,,,,,,,,,
11111930,3158809,2,Driver,,False,,M,AIR BAG NOT DEPLOYED,C,OCCUPANT LAP BELT USED,,NONE APPARENT,,S,,,A,STOPPED,G,IMPAIRMENT_NOT_KNOWN,,,F,FEMALE,,,CA,W,WHITE,,,2018.0,LEXU,,,,,,,,,,,,,,
11111929,3158809,1,Driver,True,False,,L,AIR BAG DEPLOYED,C,OCCUPANT LAP BELT USED,,VC SECTION VIOLATED - 22350 / INATTENTION,ELECTRONIC_EQUIPMENT,N,,,D,MAKING RIGHT TURN,G,IMPAIRMENT_NOT_KNOWN,,,M,MALE,,,CA,H,HISPANIC,,,2012.0,VOLK,,,,,,,,,,,,,,
11111924,3158806,4,Driver,,False,,M,AIR BAG NOT DEPLOYED,G,OCCUPANT LAP SHOULDER HARNESS USED,,NONE APPARENT,,S,,,A,STOPPED,A,HAD NOT BEEN DRINKING,,,M,MALE,,C,CA,H,HISPANIC,,,2000.0,FORD,,,,,,,,,,,,,,
11111923,3158806,3,Driver,,False,,M,AIR BAG NOT DEPLOYED,G,OCCUPANT LAP SHOULDER HARNESS USED,,NONE APPARENT,,S,,,A,STOPPED,A,HAD NOT BEEN DRINKING,,,M,MALE,,C,CA,A,ASIAN,,,2008.0,LEXU,,,,,,,,,,,,,,
11111922,3158806,2,Driver,,False,,M,AIR BAG NOT DEPLOYED,G,OCCUPANT LAP SHOULDER HARNESS USED,,VC SECTION VIOLATED - 22350 / NONE APPARENT,,S,,,B,PROCEEDING STRAIGHT,A,HAD NOT BEEN DRINKING,,,M,MALE,,C,CA,,,,,2007.0,TOYO,,,,,,,,,,,,,,
11111921,3158806,1,Driver,,False,,M,AIR BAG NOT DEPLOYED,G,OCCUPANT LAP SHOULDER HARNESS USED,,VC SECTION VIOLATED - 22107 / NONE APPARENT,,S,,,D,MAKING RIGHT TURN,A,HAD NOT BEEN DRINKING,,,F,FEMALE,,C,CA,A,ASIAN,,,,HOND,,,,,,,,,,,,,,
11111912,3158801,2,Driver,True,False,,L,AIR BAG DEPLOYED,G,OCCUPANT LAP SHOULDER HARNESS USED,CELL PHONE NOT IN USE,NONE APPARENT,,W,,,B,PROCEEDING STRAIGHT,A,HAD NOT BEEN DRINKING,,,M,MALE,,,CA,O,OTHER,1.0,PassengerCarStationWagonJeep,2017.0,KIAX,,,,,,,,,,,,,,
11111911,3158801,1,Driver,,False,,L,AIR BAG DEPLOYED,B,OCCUPANT UNKNOWN,CELL PHONE NOT IN USE,NONE APPARENT,,S,,,B,PROCEEDING STRAIGHT,G,IMPAIRMENT_NOT_KNOWN,,,,,,,,,,1.0,PassengerCarStationWagonJeep,2002.0,HOND,,,,,,,,,,,,,,
11111904,3158797,2,Driver,,False,,M,AIR BAG NOT DEPLOYED,G,OCCUPANT LAP SHOULDER HARNESS USED,CELL PHONE NOT IN USE,NONE APPARENT,,E,,,B,PROCEEDING STRAIGHT,A,HAD NOT BEEN DRINKING,,,M,MALE,,,CA,H,HISPANIC,,,2014.0,CHEV,,,,,,,,,,,,,,
11111903,3158797,1,Driver,True,False,,L,AIR BAG DEPLOYED,G,OCCUPANT LAP SHOULDER HARNESS USED,CELL PHONE NOT IN USE,VC SECTION VIOLATED - 21453 A,,N,,,E,MAKING LEFT TURN,A,HAD NOT BEEN DRINKING,,,M,MALE,,,CA,H,HISPANIC,,,2006.0,HOND,,,,,,,,,,,,,,
11111897,3158793,2,Driver,,False,,M,AIR BAG NOT DEPLOYED,C,OCCUPANT LAP BELT USED,,NONE APPARENT,,E,,,B,PROCEEDING STRAIGHT,H,NOT APPLICABLE,,,M,MALE,,,CA,A,ASIAN,,,2010.0,ACUR,,,,,,,,,,,,,,
11111896,3158793,1,Driver,True,False,,M,AIR BAG NOT DEPLOYED,C,OCCUPANT LAP BELT USED,,NONE APPARENT,,E,,,A,STOPPED,H,NOT APPLICABLE,,,F,FEMALE,,,CA,W,WHITE,,,2003.0,FORD,,,,,,,,,,,,,,
11111890,3158789,1,Driver,True,False,,L,AIR BAG DEPLOYED,G,OCCUPANT LAP SHOULDER HARNESS USED,,,,W,,,C,RAN OFF ROAD,A,HAD NOT BEEN DRINKING,,,F,FEMALE,,,,H,HISPANIC,,,2012.0,HOND,,,,,,,,,,,,,,
11111885,3158786,4,ParkedVehicle,,False,,,,,,,,,,,,,,,,,,,,,,,,,,,2004.0,CHEV,,,,,,,,,,,,,,
11111884,3158786,3,ParkedVehicle,,False,,,,,,,,,,,,,,,,,,,,,,,,,,,2004.0,BMWX,,,,,,,,,,,,,,
11111883,3158786,2,Driver,,False,,M,AIR BAG NOT DEPLOYED,G,OCCUPANT LAP SHOULDER HARNESS USED,,,,W,,,B,PROCEEDING STRAIGHT,A,HAD NOT BEEN DRINKING,,,F,FEMALE,,,CA,O,OTHER,,,2017.0,HYUN,,,,,,,,,,,,,,
11111882,3158786,1,Driver,True,False,,M,AIR BAG NOT DEPLOYED,G,OCCUPANT LAP SHOULDER HARNESS USED,,,,N,,,E,MAKING LEFT TURN,A,HAD NOT BEEN DRINKING,,,F,FEMALE,,,CA,W,WHITE,,,1999.0,TOYO,,,,,,,,,,,,,,
11111875,3158782,2,Driver,,False,,B,UNKNOWN,,,,VC SECTION VIOLATED - 22106 / NONE APPARENT,,,,,F,MAKING U TURN,A,HAD NOT BEEN DRINKING,,,F,FEMALE,,,,H,HISPANIC,,,2018.0,CHEV,,,,,,,,,,,,,,
11111874,3158782,1,Driver,True,False,,,,,,SCHOOL BUS RELATED,NONE APPARENT,,S,,,B,PROCEEDING STRAIGHT,A,HAD NOT BEEN DRINKING,,,M,MALE,,,,H,HISPANIC,,,2017.0,KAWA,,,,,,,,,,,,,,
11111868,3158778,2,Driver,,False,,M,AIR BAG NOT DEPLOYED,G,OCCUPANT LAP SHOULDER HARNESS USED,,,,S,,,B,PROCEEDING STRAIGHT,G,IMPAIRMENT_NOT_KNOWN,,,M,MALE,,,CA,H,HISPANIC,,,2004.0,DODG,,,,,,,,,,,,,,
11111867,3158778,1,Driver,True,False,,L,AIR BAG DEPLOYED,G,OCCUPANT LAP SHOULDER HARNESS USED,,,,E,,,E,MAKING LEFT TURN,G,IMPAIRMENT_NOT_KNOWN,,,M,MALE,,,CA,W,WHITE,,,2005.0,GMCX,,,,,,,,,,,,,,
11111860,3158774,2,Driver,,False,,L,AIR BAG DEPLOYED,G,OCCUPANT LAP SHOULDER HARNESS USED,,VISION OBSCUREMENT,,W,,,B,PROCEEDING STRAIGHT,A,HAD NOT BEEN DRINKING,,,M,MALE,,,CA,H,HISPANIC,,,2018.0,TOYO,,,,,,,,,,,,,,
11111859,3158774,1,Driver,True,False,,L,AIR BAG DEPLOYED,G,OCCUPANT LAP SHOULDER HARNESS USED,,,,S,,,E,MAKING LEFT TURN,A,HAD NOT BEEN DRINKING,,,F,FEMALE,,,CA,H,HISPANIC,,,2014.0,MINI,,,,,,,,,,,,,,
11111852,3158770,2,Driver,,False,,M,AIR BAG NOT DEPLOYED,G,OCCUPANT LAP SHOULDER HARNESS USED,CELL PHONE NOT IN USE,NONE APPARENT,,W,,,B,PROCEEDING STRAIGHT,A,HAD NOT BEEN DRINKING,,,M,MALE,,,CA,H,HISPANIC,,,2013.0,CHEV,,,,,,,,,,,,,,
11111851,3158770,1,Driver,True,False,,M,AIR BAG NOT DEPLOYED,G,OCCUPANT LAP SHOULDER HARNESS USED,CELL PHONE NOT IN USE,NONE APPARENT,,W,,,E,MAKING LEFT TURN,A,HAD NOT BEEN DRINKING,,,F,FEMALE,,,CA,H,HISPANIC,,,2015.0,HOND,,,,,,,,,,,,,,
11111847,3158768,3,ParkedVehicle,,False,,,,,,,NONE APPARENT,,W,,,O,PARKED,H,NOT APPLICABLE,,,,,,,,,,,,2003.0,HYUN,,,,,,,,,,,,,,
11111846,3158768,2,ParkedVehicle,,False,,,,,,,NONE APPARENT,,W,,,O,PARKED,H,NOT APPLICABLE,,,,,,,,,,,,1964.0,CHEV,,,,,,,,,,,,,,
11111845,3158768,1,Driver,True,False,,M,AIR BAG NOT DEPLOYED,B,OCCUPANT UNKNOWN,,NONE APPARENT,,W,,,B,PROCEEDING STRAIGHT,G,IMPAIRMENT_NOT_KNOWN,,,,,,,,,,,,2007.0,TOYO,,,,,,,,,,,,,,
11111842,3158766,2,Driver,,False,,M,AIR BAG NOT DEPLOYED,G,OCCUPANT LAP SHOULDER HARNESS USED,,NONE APPARENT,,W,,,E,MAKING LEFT TURN,A,HAD NOT BEEN DRINKING,,,F,FEMALE,,,CA,B,BLACK,,,2018.0,MERB,,,,,,,,,,,,,,
11111841,3158766,1,Driver,True,False,,M,AIR BAG NOT DEPLOYED,G,OCCUPANT LAP SHOULDER HARNESS USED,,INATTENTION,OTHER,S,,,B,PROCEEDING STRAIGHT,A,HAD NOT BEEN DRINKING,,,F,FEMALE,,,CA,W,WHITE,,,2017.0,FORD,,,,,,,,,,,,,,
11111838,3158764,2,Driver,,False,,M,AIR BAG NOT DEPLOYED,G,OCCUPANT LAP SHOULDER HARNESS USED,,VC SECTION VIOLATED - 12500 A,,E,,,B,PROCEEDING STRAIGHT,H,NOT APPLICABLE,,,M,MALE,,,CA,H,HISPANIC,,,2013.0,NISS,,,,,,,,,,,,,,
11111837,3158764,1,Driver,True,False,,L,AIR BAG DEPLOYED,G,OCCUPANT LAP SHOULDER HARNESS USED,,ENTERING OR LEAVING RAMP,,E,,,D,MAKING RIGHT TURN,H,NOT APPLICABLE,,,F,FEMALE,,,CA,H,HISPANIC,,,2013.0,HYUN,,,,,,,,,,,,,,
11111831,3158761,2,ParkedVehicle,,False,,,,,,,,,,,,A,STOPPED,A,HAD NOT BEEN DRINKING,,,,,,,,,,,,2013.0,HOND,,,,,,,,,,,,,,
11111830,3158761,1,Driver,True,False,,B,UNKNOWN,,,,VC SECTION VIOLATED - 22350 / RUNAWAY VEHICLE,,N,,,F,MAKING U TURN,G,IMPAIRMENT_NOT_KNOWN,,,,,,,,,,,,1997.0,HOND,,,,,,,,,,,,,,
11111829,3158760,2,Driver,,False,,M,AIR BAG NOT DEPLOYED,G,OCCUPANT LAP SHOULDER HARNESS USED,,NONE APPARENT,,E,,,B,PROCEEDING STRAIGHT,G,IMPAIRMENT_NOT_KNOWN,,,M,MALE,,,CA,H,HISPANIC,,,2011.0,TOYO,,,,,,,,,,,,,,
11111828,3158760,1,Driver,,False,,M,AIR BAG NOT DEPLOYED,G,OCCUPANT LAP SHOULDER HARNESS USED,,NONE APPARENT,,W,,,B,PROCEEDING STRAIGHT,G,IMPAIRMENT_NOT_KNOWN,,,F,FEMALE,,,CA,H,HISPANIC,,,2001.0,TOYO,,,,,,,,,,,,,,
11111823,3158757,3,Driver,,False,,M,AIR BAG NOT DEPLOYED,B,OCCUPANT UNKNOWN,,,,S,,,A,STOPPED,H,NOT APPLICABLE,,,M,MALE,,,CA,H,HISPANIC,,,2017.0,CHEV,,,,,,,,,,,,,,
11111822,3158757,2,Driver,,False,,M,AIR BAG NOT DEPLOYED,G,OCCUPANT LAP SHOULDER HARNESS USED,,,,S,,,A,STOPPED,H,NOT APPLICABLE,,,F,FEMALE,,,,H,HISPANIC,,,2005.0,LEXU,,,,,,,,,,,,,,
11111821,3158757,1,Driver,True,False,,M,AIR BAG NOT DEPLOYED,G,OCCUPANT LAP SHOULDER HARNESS USED,,,,S,,,B,PROCEEDING STRAIGHT,B,HBD-UNDER INFLUENCE,,,M,MALE,,,CA,,,,,2006.0,HOND,,,,,,,,,,,,,,
11111818,3158755,2,Driver,,False,,M,AIR BAG NOT DEPLOYED,G,OCCUPANT LAP SHOULDER HARNESS USED,,NONE APPARENT,,E,,,B,PROCEEDING STRAIGHT,C,HBD-NOT UNDER INFLUENCE,,,F,FEMALE,,,CA,W,WHITE,,,2016.0,KIAX,,,,,,,,,,,,,,
11111817,3158755,1,Driver,True,False,,B,UNKNOWN,,,,NONE APPARENT,,E,,,B,PROCEEDING STRAIGHT,G,IMPAIRMENT_NOT_KNOWN,,,F,FEMALE,,,,W,WHITE,,,2006.0,HOND,,,,,,,,,,,,,,
11111816,3158754,2,Driver,,False,,P,NOT REQUIRED,,,CELL PHONE NOT IN USE,NONE APPARENT,,N,,,B,PROCEEDING STRAIGHT,A,HAD NOT BEEN DRINKING,,,M,MALE,,,CA,W,WHITE,,,2012.0,DUCA,,,,,,,,,,,,,,
11111815,3158754,1,Driver,True,False,,B,UNKNOWN,,,CELL PHONE NOT IN USE,VC SECTION VIOLATED - 21801 / NONE APPARENT,,S,,,E,MAKING LEFT TURN,G,IMPAIRMENT_NOT_KNOWN,,,,,,,,,,,,,,,,,,,,,,,,,,,
11111189,3158445,2,ParkedVehicle,,False,,,,,,CELL PHONE NOT IN USE,NONE APPARENT,,E,,,O,PARKED,H,NOT APPLICABLE,,,,,,,,,,,,2019.0,HYUN,,,,,,,,,,,,,,
11111188,3158445,1,Driver,True,False,,M,AIR BAG NOT DEPLOYED,G,OCCUPANT LAP SHOULDER HARNESS USED,CELL PHONE NOT IN USE,NONE APPARENT,,N,,,B,PROCEEDING STRAIGHT,A,HAD NOT BEEN DRINKING,,,M,MALE,,,CA,W,WHITE,,,2017.0,LINC,,,,,,,,,,,,,,
11111180,3158440,2,Driver,,False,,L,AIR BAG DEPLOYED,B,OCCUPANT UNKNOWN,CELL PHONE NOT IN USE,NONE APPARENT,,E,,,B,PROCEEDING STRAIGHT,A,HAD NOT BEEN DRINKING,,,M,MALE,,,CA,H,HISPANIC,,,1994.0,TOYO,,,,,,,,,,,,,,
11111179,3158440,1,Driver,True,False,,,,,,CELL PHONE NOT IN USE,NONE APPARENT,,E,,,E,MAKING LEFT TURN,A,HAD NOT BEEN DRINKING,,,M,MALE,,,CA,H,HISPANIC,,,1998.0,PORS,,,,,,,,,,,,,,
11111178,3158439,2,Driver,,False,,L,AIR BAG DEPLOYED,G,OCCUPANT LAP SHOULDER HARNESS USED,,,,N,,,B,PROCEEDING STRAIGHT,A,HAD NOT BEEN DRINKING,,,M,MALE,,,CA,A,ASIAN,,,2008.0,TOYO,,,,,,,,,,,,,,
11111177,3158439,1,Driver,True,False,,L,AIR BAG DEPLOYED,G,OCCUPANT LAP SHOULDER HARNESS USED,,,,E,,,F,MAKING U TURN,A,HAD NOT BEEN DRINKING,,,F,FEMALE,,,CA,W,WHITE,,,2014.0,HOND,,,,,,,,,,,,,,
11111169,3158433,3,Driver,,False,,M,AIR BAG NOT DEPLOYED,G,OCCUPANT LAP SHOULDER HARNESS USED,,,,W,,,A,STOPPED,A,HAD NOT BEEN DRINKING,,,F,FEMALE,,,CA,H,HISPANIC,,,2019.0,KIAX,,,,,,,,,,,,,,
11111168,3158433,2,Driver,,False,,M,AIR BAG NOT DEPLOYED,G,OCCUPANT LAP SHOULDER HARNESS USED,,,,W,,,H,SLOWING/STOPPING,A,HAD NOT BEEN DRINKING,,,M,MALE,,A,CA,H,HISPANIC,,,2017.0,HOND,,,,,,,,,,,,,,
11111166,3158433,1,Driver,True,False,,M,AIR BAG NOT DEPLOYED,G,OCCUPANT LAP SHOULDER HARNESS USED,,,,W,,,H,SLOWING/STOPPING,A,HAD NOT BEEN DRINKING,,,M,MALE,,,CA,H,HISPANIC,,,2001.0,LEXU,,,,,,,,,,,,,,
11111157,3158427,2,Driver,,False,,L,AIR BAG DEPLOYED,E,OCCUPANT SHOULDER HARNESS USED,,,,E,,,B,PROCEEDING STRAIGHT,A,HAD NOT BEEN DRINKING,,,F,FEMALE,,,CA,A,ASIAN,,,2009.0,LEXU,,,,,,,,,,,,,,
11111156,3158427,1,Driver,True,False,,B,UNKNOWN,E,OCCUPANT SHOULDER HARNESS USED,,,,N,,,E,MAKING LEFT TURN,A,HAD NOT BEEN DRINKING,,,F,FEMALE,,,,H,HISPANIC,,,2003.0,VOLK,,,,,,,,,,,,,,
11111149,3158423,1,Driver,True,False,,M,AIR BAG NOT DEPLOYED,G,OCCUPANT LAP SHOULDER HARNESS USED,,OTHER,,N,,,M,OTHER UNSAFE TURNING,A,HAD NOT BEEN DRINKING,,,M,MALE,,,CA,H,HISPANIC,,,2002.0,TOYO,,,,,,,,,,,,,,
11111148,3158422,2,ParkedVehicle,,False,,,,,,,NONE APPARENT,,,,,O,PARKED,H,NOT APPLICABLE,,,,,,,,,,,,,,,,,,,,,,,,,,,
11111147,3158422,1,Driver,True,False,,M,AIR BAG NOT DEPLOYED,B,OCCUPANT UNKNOWN,,NONE APPARENT,,S,,,C,RAN OFF ROAD,H,NOT APPLICABLE,,,,,,,,,,,,2019.0,TOYO,,,,,,,,,,,,,,
11111144,3158420,2,Driver,,False,,L,AIR BAG DEPLOYED,B,OCCUPANT UNKNOWN,,NONE APPARENT,,W,,,E,MAKING LEFT TURN,A,HAD NOT BEEN DRINKING,,,F,FEMALE,,,CA,,,,,2017.0,ACAD,,,,,,,,,,,,,,
11111143,3158420,1,Driver,True,False,,L,AIR BAG DEPLOYED,B,OCCUPANT UNKNOWN,,NONE APPARENT,,S,,,B,PROCEEDING STRAIGHT,A,HAD NOT BEEN DRINKING,,,M,MALE,,,,H,HISPANIC,,,2008.0,CHEV,,,,,,,,,,,,,,
11111138,3158417,3,ParkedVehicle,,False,,,,,,CELL PHONE NOT IN USE,,,,,,O,PARKED,A,HAD NOT BEEN DRINKING,,,,,,,,,,,,2002.0,HOND,,,,,,,,,,,,,,
11111137,3158417,2,ParkedVehicle,,False,,,,,,CELL PHONE NOT IN USE,,,,,,O,PARKED,A,HAD NOT BEEN DRINKING,,,,,,,,,,,,2015.0,FORD,,,,,,,,,,,,,,
11111136,3158417,1,Driver,True,False,,,,,,CELL PHONE NOT IN USE,,,W,,,B,PROCEEDING STRAIGHT,G,IMPAIRMENT_NOT_KNOWN,,,,,,,,,,,,2015.0,HOND,,,,,,,,,,,,,,
11111135,3158416,2,Driver,,False,,P,NOT REQUIRED,W,MOTOR BICYCLE DRIVER WITH HELMET,,,,W,,,B,PROCEEDING STRAIGHT,A,HAD NOT BEEN DRINKING,,,M,MALE,,,CA,W,WHITE,,,2007.0,KAWA,,,,,,,,,,,,,,
11111134,3158416,1,Driver,True,False,,M,AIR BAG NOT DEPLOYED,G,OCCUPANT LAP SHOULDER HARNESS USED,,,,S,,,B,PROCEEDING STRAIGHT,A,HAD NOT BEEN DRINKING,,,F,FEMALE,,,CA,,,,,1998.0,TOYO,,,,,,,,,,,,,,
11111129,3158413,2,ParkedVehicle,,False,,,,,,,NONE APPARENT,,,,,R,OTHER,H,NOT APPLICABLE,,,,,,,,,,,,1997.0,GMCX,,,,,,,,,,,,,,
11111128,3158413,1,Driver,,False,,,,,,,NONE APPARENT,,E,,,R,OTHER,H,NOT APPLICABLE,,,,,,,,,,,,2019.0,HOND,,,,,,,,,,,,,,
11111127,3158412,2,Bicyclist,,False,,,,,,,,,W,,,B,PROCEEDING STRAIGHT,H,NOT APPLICABLE,,,M,MALE,,,,W,WHITE,4.0,Bicycle,,,,,,,,,,,,,,,,
11111126,3158412,1,Driver,True,False,,,,,,,VISION OBSCUREMENT,,N,,,D,MAKING RIGHT TURN,H,NOT APPLICABLE,,,F,FEMALE,,,CA,H,HISPANIC,,,2014.0,VOLK,,,,,,,,,,,,,,
11111125,3158411,5,ParkedVehicle,,False,,,,,,,,,,,,O,PARKED,,,,,,,,,,,,,,2014.0,CHEV,,,,,,,,,,,,,,