PartyId,CollisionId,PartyNumber,PartyType,IsAtFault,IsOnDutyEmergencyVehicle,IsHitAndRun,AirbagCode,AirbagDescription,SafetyEquipmentCode,SafetyEquipmentDescription,Special Information,Other Associate Factor,Inattention,DirectionOfTravel,StreetOrHighwayName,SpeedLimit,MovementPrecCollCode,MovementPrecCollDescription,SobrietyDrugPhysicalCode1,SobrietyDrugPhysicalDescription1,SobrietyDrugPhysicalCode2,SobrietyDrugPhysicalDescription2,GenderCode,GenderDescription,StatedAge,DriverLicenseClass,DriverLicenseStateCode,RaceCode,RaceDesc,Vehicle1TypeId, Vehicle1TypeDesc, Vehicle1Year,Vehicle1Make,Vehicle1Model,Vehicle1Color,V1IsVehicleTowed,Vehicle2TypeId, Vehicle2TypeDesc, Vehicle2Year,Vehicle2Make,Vehicle2Model,Vehicle2Color,V2IsVehicleTowed,Lane,ThruLanes,TotalLanes,IsDREConducted
11245059,3223704,2,ParkedVehicle,,False,,,,,,,,,,,,O,PARKED,H,NOT APPLICABLE,,,,,,,,,,,,2019.0,TOYO,,,,,,,,,,,,,,
11245058,3223704,1,Driver,,False,,L,AIR BAG DEPLOYED,G,OCCUPANT LAP SHOULDER HARNESS USED,,,,N,,,B,PROCEEDING STRAIGHT,A,HAD NOT BEEN DRINKING,,,M,MALE,,,CA,O,OTHER,,,1999.0,MAZD,,,,,,,,,,,,,,
11245051,3223700,2,Pedestrian,,False,,,,,,CELL PHONE NOT IN USE,NONE APPARENT,,E,,,B,PROCEEDING STRAIGHT,H,NOT APPLICABLE,,,M,MALE,,,,H,HISPANIC,60.0,Pedestrian,,,,,,,,,,,,,,,,
11245050,3223700,1,Driver,True,False,,M,AIR BAG NOT DEPLOYED,G,OCCUPANT LAP SHOULDER HARNESS USED,CELL PHONE NOT IN USE,NONE APPARENT,,W,,,E,MAKING LEFT TURN,H,NOT APPLICABLE,,,M,MALE,,,CA,W,WHITE,,,2011.0,FORD,,,,,,,,,,,,,,
11245042,3223696,2,Driver,,False,,,,,,,NONE APPARENT,,E,,,B,PROCEEDING STRAIGHT,A,HAD NOT BEEN DRINKING,,,F,FEMALE,,,CA,H,HISPANIC,,,2014.0,HOND,,,,,,,,,,,,,,
11245041,3223696,1,Driver,,False,,M,AIR BAG NOT DEPLOYED,B,OCCUPANT UNKNOWN,,NONE APPARENT,,E,,,B,PROCEEDING STRAIGHT,A,HAD NOT BEEN DRINKING,,,F,FEMALE,,,CA,W,WHITE,,,2011.0,TOYO,,,,,,,,,,,,,,
11245033,3223690,3,Other,,False,,,,,,CELL PHONE NOT IN USE,NONE APPARENT,,,,,E,MAKING LEFT TURN,A,HAD NOT BEEN DRINKING,,,,,,,,,,,,,,,,,,,,,,,,,,,
11245031,3223690,2,ParkedVehicle,,False,,,,,,CELL PHONE NOT IN USE,NONE APPARENT,,,,,A,STOPPED,A,HAD NOT BEEN DRINKING,,,,,,,,,,,,2002.0,FORD,,,,,,,,,,,,,,
11245030,3223690,1,Driver,True,False,,M,AIR BAG NOT DEPLOYED,B,OCCUPANT UNKNOWN,CELL PHONE NOT IN USE,NONE APPARENT,,E,,,E,MAKING LEFT TURN,A,HAD NOT BEEN DRINKING,,,M,MALE,,,CA,H,HISPANIC,,,2002.0,FORD,,,,,,,,,,,,,,
11245027,3223689,2,Driver,,False,,M,AIR BAG NOT DEPLOYED,C,OCCUPANT LAP BELT USED,,NONE APPARENT,,W,,,B,PROCEEDING STRAIGHT,H,NOT APPLICABLE,,,F,FEMALE,,,CA,H,HISPANIC,,,2015.0,TOYO,,,,,,,,,,,,,,
11245026,3223689,1,Driver,True,False,,M,AIR BAG NOT DEPLOYED,C,OCCUPANT LAP BELT USED,,NONE APPARENT,,W,,,B,PROCEEDING STRAIGHT,H,NOT APPLICABLE,,,F,FEMALE,,,,H,HISPANIC,,,2013.0,FORD,,,,,,,,,,,,,,
11244853,3223604,2,Driver,,False,,M,AIR BAG NOT DEPLOYED,G,OCCUPANT LAP SHOULDER HARNESS USED,,NONE APPARENT,,W,,,B,PROCEEDING STRAIGHT,A,HAD NOT BEEN DRINKING,,,M,MALE,,,CA,H,HISPANIC,,,1999.0,TOYO,,,,,,,,,,,,,,
11244852,3223604,1,Driver,True,False,,L,AIR BAG DEPLOYED,G,OCCUPANT LAP SHOULDER HARNESS USED,,VC SECTION VIOLATED - 22350 / INATTENTION,OTHER,E,,,E,MAKING LEFT TURN,A,HAD NOT BEEN DRINKING,,,M,MALE,,,CA,A,ASIAN,,,2016.0,LEXU,,,,,,,,,,,,,,
11244842,3223599,2,Driver,,False,,L,AIR BAG DEPLOYED,G,OCCUPANT LAP SHOULDER HARNESS USED,,NONE APPARENT,,W,,,B,PROCEEDING STRAIGHT,A,HAD NOT BEEN DRINKING,,,M,MALE,,,CA,H,HISPANIC,,,2005.0,CHEV,,,,,,,,,,,,,,
11244841,3223599,1,Driver,True,False,,L,AIR BAG DEPLOYED,G,OCCUPANT LAP SHOULDER HARNESS USED,,NONE APPARENT,,E,,,E,MAKING LEFT TURN,A,HAD NOT BEEN DRINKING,,,F,FEMALE,,,CA,W,WHITE,,,2017.0,SUBA,,,,,,,,,,,,,,
11263661,3232761,2,Driver,,False,,M,AIR BAG NOT DEPLOYED,G,OCCUPANT LAP SHOULDER HARNESS USED,,,,S,,,A,STOPPED,A,HAD NOT BEEN DRINKING,,,M,MALE,,,CA,O,OTHER,,,2010.0,TOYO,,,,,,,,,,,,,,
11263660,3232761,1,Driver,True,False,,M,AIR BAG NOT DEPLOYED,G,OCCUPANT LAP SHOULDER HARNESS USED,,,,S,,,B,PROCEEDING STRAIGHT,A,HAD NOT BEEN DRINKING,,,M,MALE,,,CA,W,WHITE,,,,TOYO,,,,,,,,,,,,,,
11263639,3232750,2,Driver,,False,,M,AIR BAG NOT DEPLOYED,C,OCCUPANT LAP BELT USED,,,,S,,,A,STOPPED,A,HAD NOT BEEN DRINKING,,,F,FEMALE,,,CA,H,HISPANIC,,,2007.0,TOYO,,,,,,,,,,,,,,
11263638,3232750,1,Driver,True,False,,B,UNKNOWN,,,,OTHER,,S,,,B,PROCEEDING STRAIGHT,G,IMPAIRMENT_NOT_KNOWN,,,,,,,,,,,,,,,,,,,,,,,,,,,
11263631,3232746,2,Driver,,False,,L,AIR BAG DEPLOYED,E,OCCUPANT SHOULDER HARNESS USED,CELL PHONE NOT IN USE,NONE APPARENT,,N,,,B,PROCEEDING STRAIGHT,A,HAD NOT BEEN DRINKING,,,M,MALE,,,CA,H,HISPANIC,1.0,PassengerCarStationWagonJeep,2017.0,NISS,,,,,,,,,,,,,,
11263630,3232746,1,Driver,True,False,,L,AIR BAG DEPLOYED,E,OCCUPANT SHOULDER HARNESS USED,CELL PHONE NOT IN USE,NONE APPARENT,,E,,,B,PROCEEDING STRAIGHT,A,HAD NOT BEEN DRINKING,,,F,FEMALE,,,CA,H,HISPANIC,1.0,PassengerCarStationWagonJeep,2016.0,BMWX,,,,,,,,,,,,,,
11263621,3232741,2,Pedestrian,,False,,,,,,,NONE APPARENT,,N,,,B,PROCEEDING STRAIGHT,A,HAD NOT BEEN DRINKING,,,M,MALE,,,,W,WHITE,60.0,Pedestrian,,,,,,,,,,,,,,,,
11263620,3232741,1,Driver,True,False,,B,UNKNOWN,,,,OTHER,,N,,,D,MAKING RIGHT TURN,G,IMPAIRMENT_NOT_KNOWN,,,,,,,,,,,,,,,,,,,,,,,,,,,
11263615,3232739,3,Driver,,False,,M,AIR BAG NOT DEPLOYED,G,OCCUPANT LAP SHOULDER HARNESS USED,,NONE APPARENT,,E,,,A,STOPPED,A,HAD NOT BEEN DRINKING,,,M,MALE,,,CA,W,WHITE,,,2018.0,FORD,,,,,,,,,,,,,,
11263612,3232739,2,Driver,,False,,M,AIR BAG NOT DEPLOYED,G,OCCUPANT LAP SHOULDER HARNESS USED,,NONE APPARENT,,E,,,A,STOPPED,A,HAD NOT BEEN DRINKING,,,M,MALE,,,CA,O,OTHER,,,2013.0,TOYO,,,,,,,,,,,,,,
11263611,3232739,1,Driver,True,False,,,,,,,NONE APPARENT,,E,,,B,PROCEEDING STRAIGHT,G,IMPAIRMENT_NOT_KNOWN,,,M,MALE,,,,H,HISPANIC,,,1994.0,CHEV,,,,,,,,,,,,,,
11263477,3232674,2,Driver,,False,,L,AIR BAG DEPLOYED,G,OCCUPANT LAP SHOULDER HARNESS USED,,,,E,,,B,PROCEEDING STRAIGHT,A,HAD NOT BEEN DRINKING,,,F,FEMALE,,,CA,A,ASIAN,,,2017.0,HOND,,,,,,,,,,,,,,
11263476,3232674,1,Driver,True,False,,L,AIR BAG DEPLOYED,G,OCCUPANT LAP SHOULDER HARNESS USED,,,,S,,,E,MAKING LEFT TURN,G,IMPAIRMENT_NOT_KNOWN,,,M,MALE,,,CA,W,WHITE,,,2003.0,VOLK,,,,,,,,,,,,,,
11263469,3232671,2,Driver,,False,,L,AIR BAG DEPLOYED,G,OCCUPANT LAP SHOULDER HARNESS USED,,NONE APPARENT,,W,,,B,PROCEEDING STRAIGHT,G,IMPAIRMENT_NOT_KNOWN,,,M,MALE,,,CA,H,HISPANIC,,,2003.0,VOLK,,,,,,,,,,,,,,
11263468,3232670,2,Driver,,False,,P,NOT REQUIRED,,,,NONE APPARENT,,S,,,B,PROCEEDING STRAIGHT,H,NOT APPLICABLE,,,M,MALE,,,CA,H,HISPANIC,2.0,Motorcycle,2006.0,OTMO,,,,,,,,,,,,,,
11263467,3232671,1,Driver,True,False,,M,AIR BAG NOT DEPLOYED,G,OCCUPANT LAP SHOULDER HARNESS USED,,INATTENTION,OTHER,S,,,A,STOPPED,,,,,F,FEMALE,,,CA,,,,,2018.0,MASE,,,,,,,,,,,,,,
11263466,3232670,1,Driver,True,False,,L,AIR BAG DEPLOYED,G,OCCUPANT LAP SHOULDER HARNESS USED,,NONE APPARENT,,W,,,E,MAKING LEFT TURN,H,NOT APPLICABLE,,,M,MALE,,,CA,O,OTHER,2.0,Motorcycle,2017.0,HOND,,,,,,,,,,,,,,
11263463,3232668,2,Driver,,False,,M,AIR BAG NOT DEPLOYED,G,OCCUPANT LAP SHOULDER HARNESS USED,,NONE APPARENT,,E,,,B,PROCEEDING STRAIGHT,A,HAD NOT BEEN DRINKING,,,F,FEMALE,,,CA,A,ASIAN,1.0,PassengerCarStationWagonJeep,2013.0,NISS,,,,,,,,,,,,,,
11263462,3232668,1,Driver,True,False,,P,NOT REQUIRED,,,,NONE APPARENT,,E,,,B,PROCEEDING STRAIGHT,G,IMPAIRMENT_NOT_KNOWN,,,M,MALE,,,CA,H,HISPANIC,2.0,Motorcycle,2017.0,KAWA,,,,,,,,,,,,,,
11263461,3232667,2,Driver,,False,,L,AIR BAG DEPLOYED,B,OCCUPANT UNKNOWN,,NONE APPARENT,,W,,,B,PROCEEDING STRAIGHT,G,IMPAIRMENT_NOT_KNOWN,,,F,FEMALE,,,CA,H,HISPANIC,,,2016.0,HOND,,,,,,,,,,,,,,
11263460,3232667,1,Driver,True,False,,B,UNKNOWN,,,,NONE APPARENT,,W,,,F,MAKING U TURN,G,IMPAIRMENT_NOT_KNOWN,,,,,,,,,,,,,,,,,,,,,,,,,,,
11263455,3232664,2,Bicyclist,,False,,,,,,,NONE APPARENT,,W,,,B,PROCEEDING STRAIGHT,A,HAD NOT BEEN DRINKING,,,F,FEMALE,,,,W,WHITE,4.0,Bicycle,,,,,,,,,,,,,,,,
11263454,3232664,1,Driver,True,False,,M,AIR BAG NOT DEPLOYED,G,OCCUPANT LAP SHOULDER HARNESS USED,,NONE APPARENT,,W,,,D,MAKING RIGHT TURN,A,HAD NOT BEEN DRINKING,,,M,MALE,,,CA,W,WHITE,,,2004.0,CHEV,,,,,,,,,,,,,,
11263453,3232663,2,Driver,,False,,M,AIR BAG NOT DEPLOYED,G,OCCUPANT LAP SHOULDER HARNESS USED,,NONE APPARENT,,E,,,A,STOPPED,A,HAD NOT BEEN DRINKING,,,F,FEMALE,,,CA,,,,,2012.0,TOYO,,,,,,,,,,,,,,
11263452,3232663,1,Driver,True,False,,,,,,,NONE APPARENT,,,,,H,SLOWING/STOPPING,G,IMPAIRMENT_NOT_KNOWN,,,,,,,,,,,,2017.0,CHEV,,,,,,,,,,,,,,
11263448,3232661,1,Driver,True,False,,,,,,,,,E,,,E,MAKING LEFT TURN,G,IMPAIRMENT_NOT_KNOWN,,,M,MALE,,,CA,H,HISPANIC,,,2014.0,DODG,,,,,,,,,,,,,,
11263445,3232659,2,Driver,,False,,M,AIR BAG NOT DEPLOYED,G,OCCUPANT LAP SHOULDER HARNESS USED,CELL PHONE HANDSFREE IN USE,VC SECTION VIOLATED - 12500 / NONE APPARENT,,N,,,B,PROCEEDING STRAIGHT,A,HAD NOT BEEN DRINKING,,,M,MALE,,U,,H,HISPANIC,,,2012.0,CHEV,,,,,,,,,,,,,,
11263444,3232659,1,Driver,True,False,,M,AIR BAG NOT DEPLOYED,G,OCCUPANT LAP SHOULDER HARNESS USED,CELL PHONE HANDSFREE IN USE,VC SECTION VIOLATED - 16028 / NONE APPARENT,,W,,,E,MAKING LEFT TURN,A,HAD NOT BEEN DRINKING,,,M,MALE,,,CA,H,HISPANIC,,,2001.0,HOND,,,,,,,,,,,,,,
11263441,3232657,4,ParkedVehicle,,False,,,,,,,,,,,,,,,,,,,,,,,,,,,2013.0,HYUN,,,,,,,,,,,,,,
11263440,3232657,3,ParkedVehicle,,False,,,,,,,,,,,,,,,,,,,,,,,,,1.0,PassengerCarStationWagonJeep,2000.0,NISS,,,,,,,,,,,,,,
11263439,3232657,2,Driver,,False,,L,AIR BAG DEPLOYED,G,OCCUPANT LAP SHOULDER HARNESS USED,,,,W,,,F,MAKING U TURN,A,HAD NOT BEEN DRINKING,,,F,FEMALE,,,CA,,,1.0,PassengerCarStationWagonJeep,2012.0,HOND,,,,,,,,,,,,,,
11263438,3232657,1,Driver,True,False,,L,AIR BAG DEPLOYED,G,OCCUPANT LAP SHOULDER HARNESS USED,,,,E,,,B,PROCEEDING STRAIGHT,A,HAD NOT BEEN DRINKING,,,M,MALE,,,CA,H,HISPANIC,1.0,PassengerCarStationWagonJeep,2006.0,ACUR,,,,,,,,,,,,,,
11263435,3232655,3,ParkedVehicle,,False,,,,,,,NONE APPARENT,,,,,O,PARKED,H,NOT APPLICABLE,,,,,,,,,,,,2001.0,HOND,,,,,,,,,,,,,,
11263434,3232655,2,Driver,,False,,L,AIR BAG DEPLOYED,G,OCCUPANT LAP SHOULDER HARNESS USED,,NONE APPARENT,,S,,,B,PROCEEDING STRAIGHT,A,HAD NOT BEEN DRINKING,,,M,MALE,,,CA,W,WHITE,,,2007.0,BMWX,,,,,,,,,,,,,,
11263433,3232655,1,Driver,True,False,,L,AIR BAG DEPLOYED,G,OCCUPANT LAP SHOULDER HARNESS USED,,VISION OBSCUREMENT,,E,,,E,MAKING LEFT TURN,A,HAD NOT BEEN DRINKING,,,F,FEMALE,,,CA,H,HISPANIC,,,2013.0,NISS,,,,,,,,,,,,,,
11263430,3232653,2,Pedestrian,,False,,,,,,,,,,,,,,,,,,,,,,,,,60.0,Pedestrian,,,,,,,,,,,,,,,,
11263429,3232653,1,Driver,True,False,,M,AIR BAG NOT DEPLOYED,G,OCCUPANT LAP SHOULDER HARNESS USED,,,,W,,,G,BACKING,A,HAD NOT BEEN DRINKING,,,F,FEMALE,,,CA,H,HISPANIC,1.0,PassengerCarStationWagonJeep,2014.0,TOYO,,,,,,,,,,,,,,
11263428,3232652,2,Driver,,False,,M,AIR BAG NOT DEPLOYED,G,OCCUPANT LAP SHOULDER HARNESS USED,,NONE APPARENT,,N,,,A,STOPPED,A,HAD NOT BEEN DRINKING,,,M,MALE,,,CA,H,HISPANIC,,,2016.0,FORD,,,,,,,,,,,,,,
11263427,3232652,1,Driver,True,False,,M,AIR BAG NOT DEPLOYED,G,OCCUPANT LAP SHOULDER HARNESS USED,,NONE APPARENT,,N,,,B,PROCEEDING STRAIGHT,A,HAD NOT BEEN DRINKING,,,M,MALE,,,CA,A,ASIAN,,,2013.0,TOYO,,,,,,,,,,,,,,
11263422,3232649,3,Driver,,False,,M,AIR BAG NOT DEPLOYED,G,OCCUPANT LAP SHOULDER HARNESS USED,,VC SECTION VIOLATED - 12500 A,,N,,,A,STOPPED,A,HAD NOT BEEN DRINKING,,,M,MALE,,,,H,HISPANIC,22.0,PickupsAndPanels,2005.0,GMCX,,,,,,,,,,,,,,
11263421,3232649,2,Driver,,False,,M,AIR BAG NOT DEPLOYED,G,OCCUPANT LAP SHOULDER HARNESS USED,,NONE APPARENT,,N,,,A,STOPPED,A,HAD NOT BEEN DRINKING,,,F,FEMALE,,,CA,,,7.0,SportUtilityVehicle,2018.0,MAZD,,,,,,,,,,,,,,
11263420,3232649,1,Driver,True,False,,M,AIR BAG NOT DEPLOYED,G,OCCUPANT LAP SHOULDER HARNESS USED,,OTHER,,N,,,B,PROCEEDING STRAIGHT,F,IMPAIRMENT-PHYSICAL,,,M,MALE,,,CA,W,WHITE,,,2009.0,ACUR,,,,,,,,,,,,,,
11263419,3232648,3,Driver,,False,,M,AIR BAG NOT DEPLOYED,G,OCCUPANT LAP SHOULDER HARNESS USED,,NONE APPARENT,,N,,,B,PROCEEDING STRAIGHT,A,HAD NOT BEEN DRINKING,,,F,FEMALE,,,CA,H,HISPANIC,,,2002.0,MINI,,,,,,,,,,,,,,
11263418,3232648,2,Driver,,False,,M,AIR BAG NOT DEPLOYED,G,OCCUPANT LAP SHOULDER HARNESS USED,,NONE APPARENT,,N,,,B,PROCEEDING STRAIGHT,A,HAD NOT BEEN DRINKING,,,M,MALE,,,CA,W,WHITE,,,1988.0,HOND,,,,,,,,,,,,,,
11263417,3232648,1,Driver,True,False,,M,AIR BAG NOT DEPLOYED,H,OCCUPANT LAP SHOULDER HARNESS NOT USED,,NONE APPARENT,,N,,,J,CHANGING LANES,A,HAD NOT BEEN DRINKING,,,M,MALE,,,CA,H,HISPANIC,,,2017.0,TOYO,,,,,,,,,,,,,,
11263416,3232647,1,Driver,True,False,,L,AIR BAG DEPLOYED,Q,CHILD IN VEHICLE USED,CELL PHONE NOT IN USE,NONE APPARENT,,N,,,B,PROCEEDING STRAIGHT,A,HAD NOT BEEN DRINKING,,,F,FEMALE,,,CA,H,HISPANIC,,,2016.0,CHEV,,,,,,,,,,,,,,
11263411,3232644,2,Driver,,False,,M,AIR BAG NOT DEPLOYED,G,OCCUPANT LAP SHOULDER HARNESS USED,,NONE APPARENT,,W,,,D,MAKING RIGHT TURN,A,HAD NOT BEEN DRINKING,,,M,MALE,,,CA,,,,,2001.0,NISS,,,,,,,,,,,,,,
11263410,3232644,1,Bicyclist,True,False,,,,,,,NONE APPARENT,,N,,,B,PROCEEDING STRAIGHT,G,IMPAIRMENT_NOT_KNOWN,,,M,MALE,,,,H,HISPANIC,4.0,Bicycle,,,,,,,,,,,,,,,,
11263406,3232642,1,Driver,True,False,,L,AIR BAG DEPLOYED,G,OCCUPANT LAP SHOULDER HARNESS USED,,,,S,,,E,MAKING LEFT TURN,D,HBD-IMPAIRMENT UNKNOWN,I,SLEEPY/FATIGUED,F,FEMALE,,,,H,HISPANIC,,,1994.0,TOYO,,,,,,,,,,,,,,
11263405,3232641,2,ParkedVehicle,,False,,,,,,,,,,,,,,,,,,,,,,,,,1.0,PassengerCarStationWagonJeep,2014.0,TOYO,,,,,,,,,,,,,,
11263404,3232641,1,Driver,True,False,,L,AIR BAG DEPLOYED,G,OCCUPANT LAP SHOULDER HARNESS USED,,NONE APPARENT,,N,,,D,MAKING RIGHT TURN,A,HAD NOT BEEN DRINKING,,,F,FEMALE,,,CA,O,OTHER,1.0,PassengerCarStationWagonJeep,2017.0,MINI,,,,,,,,,,,,,,
11263398,3232638,3,Driver,,False,,M,AIR BAG NOT DEPLOYED,G,OCCUPANT LAP SHOULDER HARNESS USED,,PREVIOUS COLLISION,,N,,,A,STOPPED,A,HAD NOT BEEN DRINKING,,,F,FEMALE,,,CA,,,1.0,PassengerCarStationWagonJeep,2001.0,HOND,,,,,,,,,,,,,,
11263397,3232638,2,Driver,,False,,L,AIR BAG DEPLOYED,G,OCCUPANT LAP SHOULDER HARNESS USED,,VISION OBSCUREMENT,,E,,,B,PROCEEDING STRAIGHT,A,HAD NOT BEEN DRINKING,,,M,MALE,,,CA,,,1.0,PassengerCarStationWagonJeep,2008.0,TOYO,,,,,,,,,,,,,,
11263396,3232638,1,Driver,True,False,,L,AIR BAG DEPLOYED,G,OCCUPANT LAP SHOULDER HARNESS USED,,VISION OBSCUREMENT,,S,,,E,MAKING LEFT TURN,A,HAD NOT BEEN DRINKING,,,F,FEMALE,,,CA,O,OTHER,1.0,PassengerCarStationWagonJeep,2012.0,TOYO,,,,,,,,,,,,,,
11263395,3232637,1,Driver,True,False,,L,AIR BAG DEPLOYED,G,OCCUPANT LAP SHOULDER HARNESS USED,,VC SECTION VIOLATED - 24250 / INATTENTION,OTHER,S,,,B,PROCEEDING STRAIGHT,H,NOT APPLICABLE,,,F,FEMALE,,,CA,H,HISPANIC,,,2012.0,HYUN,,,,,,,,,,,,,,
11263387,3232632,2,Driver,,False,,L,AIR BAG DEPLOYED,V,MOTOR BICYCLE DRIVER NO HELMET,,NONE APPARENT,,,,,B,PROCEEDING STRAIGHT,H,NOT APPLICABLE,,,F,FEMALE,,,CA,H,HISPANIC,,,2000.0,BMWX,,,,,,,,,,,,,,
11263386,3232632,1,Driver,True,False,,L,AIR BAG DEPLOYED,B,OCCUPANT UNKNOWN,,VC SECTION VIOLATED - 23153 B,,W,,,E,MAKING LEFT TURN,B,HBD-UNDER INFLUENCE,,,M,MALE,,,CA,H,HISPANIC,,,2014.0,KIAX,,,,,,,,,,,,,,
11263385,3232630,2,Driver,,False,,L,AIR BAG DEPLOYED,C,OCCUPANT LAP BELT USED,CELL PHONE NOT IN USE,NONE APPARENT,,S,,,B,PROCEEDING STRAIGHT,A,HAD NOT BEEN DRINKING,,,F,FEMALE,,,CA,H,HISPANIC,,,2019.0,TOYO,,,,,,,,,,,,,,
11263384,3232630,1,Driver,True,False,,L,AIR BAG DEPLOYED,H,OCCUPANT LAP SHOULDER HARNESS NOT USED,CELL PHONE NOT IN USE,VC SECTION VIOLATED - 27315 C / NONE APPARENT,,E,,,B,PROCEEDING STRAIGHT,A,HAD NOT BEEN DRINKING,,,M,MALE,,,CA,A,ASIAN,,,2015.0,HOND,,,,,,,,,,,,,,
11263374,3232626,1,Driver,True,False,,L,AIR BAG DEPLOYED,G,OCCUPANT LAP SHOULDER HARNESS USED,,OTHER,,S,,,C,RAN OFF ROAD,B,HBD-UNDER INFLUENCE,,,M,MALE,,,CA,W,WHITE,,,2003.0,GMCX,,,,,,,,,,,,,,
11263369,3232623,2,Bicyclist,,False,,,,,,,NONE APPARENT,,W,,,B,PROCEEDING STRAIGHT,A,HAD NOT BEEN DRINKING,,,M,MALE,,,,H,HISPANIC,4.0,Bicycle,,,,,,,,,,,,,,,,
11263368,3232623,1,Driver,True,False,,P,NOT REQUIRED,V,MOTOR BICYCLE DRIVER NO HELMET,,VC SECTION VIOLATED - 22350 / NONE APPARENT,,W,,,B,PROCEEDING STRAIGHT,A,HAD NOT BEEN DRINKING,,,M,MALE,,,CA,H,HISPANIC,2.0,Motorcycle,2016.0,YAMA,,,,,,,,,,,,,,
11262537,3232226,2,Pedestrian,,False,,,,,,,,,W,,,,,H,NOT APPLICABLE,,,F,FEMALE,,,,A,ASIAN,60.0,Pedestrian,,,,,,,,,,,,,,,,
11262536,3232226,1,Driver,True,False,,M,AIR BAG NOT DEPLOYED,G,OCCUPANT LAP SHOULDER HARNESS USED,,INATTENTION,OTHER,W,,,O,PARKED,H,NOT APPLICABLE,,,F,FEMALE,,,CA,A,ASIAN,,,2018.0,TOYO,,,,,,,,,,,,,,
11262528,3232221,3,Driver,,False,,M,AIR BAG NOT DEPLOYED,G,OCCUPANT LAP SHOULDER HARNESS USED,,,,N,,,E,MAKING LEFT TURN,A,HAD NOT BEEN DRINKING,,,F,FEMALE,,,CA,W,WHITE,,,2012.0,MITS,,,,,,,,,,,,,,
11262527,3232221,2,Driver,,False,,M,AIR BAG NOT DEPLOYED,G,OCCUPANT LAP SHOULDER HARNESS USED,,,,N,,,E,MAKING LEFT TURN,A,HAD NOT BEEN DRINKING,,,M,MALE,,,CA,,,,,2004.0,LEXU,,,,,,,,,,,,,,
11262526,3232221,1,Driver,True,False,,M,AIR BAG NOT DEPLOYED,G,OCCUPANT LAP SHOULDER HARNESS USED,,,,N,,,B,PROCEEDING STRAIGHT,A,HAD NOT BEEN DRINKING,,,M,MALE,,,CA,W,WHITE,,,1998.0,HOND,,,,,,,,,,,,,,
11262525,3232220,3,Driver,,False,,M,AIR BAG NOT DEPLOYED,G,OCCUPANT LAP SHOULDER HARNESS USED,,NONE APPARENT,,N,,,A,STOPPED,H,NOT APPLICABLE,,,F,FEMALE,,,CA,B,BLACK,,,,CHEV,,,,,,,,,,,,,,
11262524,3232220,2,Driver,,False,,L,AIR BAG DEPLOYED,G,OCCUPANT LAP SHOULDER HARNESS USED,,NONE APPARENT,,S,,,E,MAKING LEFT TURN,H,NOT APPLICABLE,,,F,FEMALE,,,CA,H,HISPANIC,,,,HOND,,,,,,,,,,,,,,
11262523,3232220,1,Driver,True,False,,N,OTHER,G,OCCUPANT LAP SHOULDER HARNESS USED,CELL PHONE HANDHELD IN USE,VC SECTION VIOLATED - 23123 A / INATTENTION,CELL PHONE HANDHELD,N,,,A,STOPPED,H,NOT APPLICABLE,,,M,MALE,,,CA,W,WHITE,,,,AUDI,,,,,,,,,,,,,,
11262513,3232214,2,Driver,,False,,L,AIR BAG DEPLOYED,G,OCCUPANT LAP SHOULDER HARNESS USED,CELL PHONE NOT IN USE,,,E,,,B,PROCEEDING STRAIGHT,A,HAD NOT BEEN DRINKING,,,M,MALE,,,CA,B,BLACK,,,2004.0,NISS,,,,,,,,,,,,,,
11262512,3232214,1,Driver,True,False,,L,AIR BAG DEPLOYED,G,OCCUPANT LAP SHOULDER HARNESS USED,CELL PHONE NOT IN USE,,,S,,,E,MAKING LEFT TURN,A,HAD NOT BEEN DRINKING,,,M,MALE,,,CA,H,HISPANIC,,,2007.0,CHEV,,,,,,,,,,,,,,
11262355,3232132,2,Driver,,False,,M,AIR BAG NOT DEPLOYED,C,OCCUPANT LAP BELT USED,,DEFECTIVE VEHICLE EQUIPMENT,,S,,,A,STOPPED,A,HAD NOT BEEN DRINKING,,,M,MALE,,,CA,W,WHITE,,,2000.0,LEXU,,,,,,,,,,,,,,
11262354,3232132,1,Driver,True,False,,M,AIR BAG NOT DEPLOYED,C,OCCUPANT LAP BELT USED,,,,S,,,J,CHANGING LANES,A,HAD NOT BEEN DRINKING,,,F,FEMALE,,,CA,A,ASIAN,,,2002.0,TOYO,,,,,,,,,,,,,,
11262349,3232129,1,Driver,True,False,,L,AIR BAG DEPLOYED,G,OCCUPANT LAP SHOULDER HARNESS USED,,VC SECTION VIOLATED - 22500 / UNINVOLVED VEHICLE,,E,,,B,PROCEEDING STRAIGHT,A,HAD NOT BEEN DRINKING,,,M,MALE,,,CA,O,OTHER,,,2001.0,HOND,,,,,,,,,,,,,,
11262343,3232126,2,Pedestrian,,False,,,,,,,NONE APPARENT,,E,,,A,STOPPED,H,NOT APPLICABLE,,,F,FEMALE,,,,,,60.0,Pedestrian,,,,,,,,,,,,,,,,
11262342,3232126,1,Driver,True,False,,M,AIR BAG NOT DEPLOYED,G,OCCUPANT LAP SHOULDER HARNESS USED,,NONE APPARENT,,S,,,E,MAKING LEFT TURN,H,NOT APPLICABLE,,,M,MALE,,,CA,W,WHITE,,,2016.0,FORD,,,,,,,,,,,,,,
11262337,3232123,1,Driver,True,False,,M,AIR BAG NOT DEPLOYED,B,OCCUPANT UNKNOWN,,NONE APPARENT,,,,,B,PROCEEDING STRAIGHT,A,HAD NOT BEEN DRINKING,,,F,FEMALE,,,CA,H,HISPANIC,,,2007.0,VOLK,,,,,,,,,,,,,,
11262329,3232118,1,Driver,True,False,,L,AIR BAG DEPLOYED,B,OCCUPANT UNKNOWN,CELL PHONE HANDSFREE IN USE,,,N,,,B,PROCEEDING STRAIGHT,A,HAD NOT BEEN DRINKING,,,M,MALE,,,CA,W,WHITE,,,2004.0,INFI,,,,,,,,,,,,,,